Duration,ResponseId,Policy_politics,Policy_complexity,Emotion,Video_DO,Policy_DO,Importance,New_legislation,Vote_policy,Good_solution,Reasonable_cost,Politically_possible,Reduce_problem,Solve_problem,Morally_justifiable,Policy_pleased,Interested,Distressed,Afraid,Guilty,Angry,Disgusted,Happy,Sad,Anxious,Calm,Surprised,Upset,SEC_abortion,SEC_limited_govt,SEC_security,SEC_religion,SEC_welfare,SEC_gun,SEC_trad_marriage,SEC_trad_values,SEC_fiscal_resp,SEC_business,SEC_family_unit,SEC_patriotism,B5_1,B5_2,B5_3,B5_4,B5_5,B5_6,B5_7,B5_8,B5_9,B5_10,NFC_1,NFC_2,NFC_3,NFC_4,NFC_5,NFC_6,NFC_7,NFC_8,NFC_9,NFC_10,NFC_11,NFC_12,NFC_13,NFC_14,NFC_15,NFC_16,NFC_17,NFC_18,NFC_19,ER_1,ER_2,ER_3,ER_4,ER_5,ER_6,ER_7,ER_8,ER_9,ER_10,ER_11,Gender,Age,Ethnicity,Ethnicity_other,Political_orientation,Political_affiliation,Political_affiliation_other
180,R_3qxTSmeNrGHbDYK,Conservative,Simple,Neutral,V1,S5,6,4,2,2,4,4,2,4,3,4,1,3,1,1,1,1,1,4,5,1,1,3,70,30,30,30,80,20,20,20,20,60,60,20,2,6,4,4,4,6,6,4,6,4,2,3,1,3,3,2,4,3,3,2,3,4,2,3,3,3,4,4,3,4,6,4,2,3,4,4,6,4,7,4,Male,25,Caucasian or White,,Moderate,Democratic Party,
208,R_25ut85amIrza4rS,Liberal,Complex,Neutral,V2,S4,6,6,4,4,4,5,5,1,4,5,2,2,1,2,3,2,1,2,1,1,1,2,90,60,20,20,40,10,30,20,60,20,20,20,5,4,3,4,3,2,2,3,4,3,4,3,2,3,3,2,2,3,4,3,2,3,3,3,4,4,3,2,3,3,3,4,4,5,6,5,6,6,5,4,Male,25,Caucasian or White,,Moderate,Democratic Party,
242,R_3n6su0jxiAKcIOV,Liberal,Complex,Fear,V6,S4,7,6,6,5,5,2,5,4,5,4,2,1,1,1,1,1,2,1,2,2,1,1,60,40,10,0,90,50,20,10,10,10,10,0,2,5,4,4,6,5,4,5,5,2,3,4,2,2,2,3,3,4,3,5,4,2,3,3,4,4,2,1,4,4,5,5,3,5,4,5,6,5,4,5,Male,25,Caucasian or White,,Extremely liberal,No party,
295,R_3fODrBfKutki9y5,Liberal,Simple,Neutral,V2,S3,7,7,7,7,7,7,7,7,7,7,3,1,1,1,1,1,1,1,1,3,1,1,0,100,100,30,100,70,90,100,100,100,100,100,1,1,1,5,1,6,7,6,6,6,1,1,1,1,1,4,5,1,5,5,4,2,5,3,1,1,4,1,5,7,7,7,1,7,7,7,6,7,7,7,Male,27,Caucasian or White,,Moderate,Republican Party,
179,R_3dXs2Y2jTXqbbJC,Liberal,Simple,Neutral,V1,S3,6,6,7,7,6,4,4,3,4,4,4,1,1,1,1,1,4,1,1,5,1,1,50,0,40,0,50,0,50,50,70,0,50,30,1,1,7,1,5,7,5,1,7,1,3,3,2,2,2,4,1,5,5,3,3,1,1,3,3,3,2,1,4,7,6,7,4,7,5,7,6,7,4,7,Male,37,Caucasian or White,,Moderate,Democratic Party,
300,R_2yezFoYbMzrZHmd,Conservative,Complex,Anger,V3,S8,7,7,1,1,1,1,1,1,1,1,1,5,5,1,5,5,1,3,4,1,1,4,20,20,30,20,100,50,30,30,70,20,40,70,1,4,5,6,7,6,5,6,5,4,4,5,1,4,4,4,3,4,4,3,4,3,4,3,4,3,1,1,4,4,6,6,6,4,6,4,6,4,6,4,Male,30,African American or Black,,Extremely liberal,Democratic Party,
323,R_2yqj9if298ocvaN,Conservative,Complex,Anger,V3,S8,7,4,1,1,4,3,1,1,1,1,2,4,4,1,4,4,1,4,4,1,1,4,60,50,40,0,80,50,0,0,50,50,40,0,4,3,5,5,6,5,5,4,4,1,3,3,3,3,3,3,3,3,3,3,3,2,3,3,4,3,4,3,4,5,4,4,1,5,3,5,6,4,3,5,Female,25,Other:,mixed,Extremely liberal,Democratic Party,
290,R_yxU15vR3SPixzxv,Conservative,Simple,Neutral,V1,S5,6,6,6,6,6,6,7,5,6,6,4,1,1,1,1,1,2,1,1,3,1,1,60,20,70,0,40,80,50,50,70,30,100,70,1,5,3,5,3,7,4,4,4,4,2,2,4,4,4,2,4,4,4,2,2,4,2,3,2,2,4,4,2,5,6,4,3,3,6,3,6,3,6,3,Female,35,Caucasian or White,,Moderately conservative,Republican Party,
350,R_rpfIluGOwPuC6Fb,Conservative,Complex,Neutral,V1,S8,5,6,5,4,4,4,5,5,5,5,3,1,1,1,1,1,3,1,1,1,1,1,50,60,100,10,10,50,50,60,80,40,60,30,2,2,6,3,5,4,7,5,6,6,1,3,3,2,2,3,4,3,4,3,4,4,3,3,4,3,4,4,5,4,5,5,6,5,5,6,7,6,6,5,Male,26,Caucasian or White,,Moderate,Libertarian Party,
315,R_xtkSaShEfNAjG5X,Liberal,Simple,Anger,V3,S3,6,5,5,4,3,6,5,4,5,5,4,2,1,3,2,3,1,2,2,1,4,2,20,100,40,90,30,100,80,80,100,90,90,60,2,6,5,6,5,6,3,6,6,1,5,5,1,1,1,5,1,2,1,5,5,1,5,3,5,5,2,2,5,5,6,5,6,5,6,5,6,6,6,5,Male,23,Caucasian or White,,Moderate,Libertarian Party,
321,R_2XaeRgt8sfgg7KJ,Liberal,Simple,Neutral,V2,S3,7,6,7,7,7,7,7,4,7,7,4,1,1,1,1,1,3,1,1,5,1,1,50,50,40,0,100,60,0,0,50,30,50,0,2,1,7,3,5,6,6,2,6,1,4,4,1,1,1,4,1,1,1,4,4,1,4,3,4,4,3,1,4,6,4,7,2,5,6,6,6,5,6,6,Male,32,Hispanic or Latinx,,Moderately liberal,Democratic Party,
355,R_0pomvnFOZcAJaeZ,Conservative,Simple,Neutral,V2,S6,7,6,7,5,6,6,6,5,6,7,4,1,1,1,1,1,1,3,2,1,1,2,30,20,50,70,30,20,40,30,50,50,60,30,5,6,6,3,5,4,6,1,5,2,3,4,2,3,2,3,4,3,4,4,4,2,4,3,4,4,3,2,4,6,4,5,6,5,4,5,6,5,3,5,Male,29,Caucasian or White,,Moderately conservative,Democratic Party,
249,R_b4a6uRetG0NVTtT,Liberal,Simple,Neutral,V1,S2,7,6,5,5,6,6,5,2,6,6,2,1,1,1,1,1,1,1,1,3,1,1,50,40,30,70,100,40,100,50,100,60,100,40,1,5,7,5,6,7,5,1,3,6,1,1,4,5,4,2,4,5,5,2,1,4,1,3,1,1,5,2,4,5,7,5,2,5,6,5,6,5,6,5,Female,35,Caucasian or White,,Moderate,No party,
348,R_1OTQKQaPHEj3dHM,Conservative,Simple,Anger,V3,S7,7,7,1,1,4,1,1,1,1,1,5,1,1,1,1,1,5,1,1,5,1,1,50,50,100,80,100,50,50,20,100,100,100,100,7,1,7,1,7,1,7,1,7,1,5,5,1,1,1,5,1,1,1,5,5,1,5,3,5,5,1,1,5,7,4,7,1,7,4,7,6,7,4,7,Male,36,Caucasian or White,,Extremely liberal,Democratic Party,
368,R_1mIwQyZ1BQpy77c,Liberal,Simple,Neutral,V2,S1,7,7,7,7,7,7,7,7,7,7,5,1,1,1,1,1,5,1,1,5,1,1,100,0,0,20,100,0,0,0,40,40,40,20,6,1,7,1,7,1,7,1,7,1,5,5,1,1,1,5,1,3,1,5,5,1,5,3,5,1,2,1,5,6,1,6,1,7,1,6,6,7,1,6,Female,34,Asian American or Asian,,Moderately liberal,Democratic Party,
327,R_27fApgqJvfSG5GY,Liberal,Simple,Neutral,V1,S2,6,5,5,5,5,5,5,4,4,5,3,1,1,1,1,1,2,1,2,3,2,1,0,50,80,40,60,80,90,80,80,80,100,90,5,3,6,5,5,6,6,3,5,5,4,4,2,2,2,3,2,2,2,4,4,2,3,3,4,4,2,2,4,6,5,6,3,4,4,6,6,5,5,6,Male,35,Caucasian or White,,Moderately conservative,Republican Party,
347,R_aawfMwER3UMnNtf,Liberal,Simple,Neutral,V2,S1,7,7,5,5,6,5,5,4,5,5,4,1,1,1,1,2,4,1,1,5,1,1,80,10,60,90,70,10,90,90,80,90,90,70,4,1,6,3,5,6,6,1,6,3,3,4,2,2,4,4,2,3,3,4,4,2,4,3,4,3,2,1,4,5,4,5,3,5,2,5,6,5,2,5,Female,32,African American or Black,,Moderately liberal,Democratic Party,
360,R_3kqceXNLRnwI5cu,Conservative,Complex,Neutral,V2,S8,7,6,3,2,4,3,4,1,3,3,4,1,1,1,1,1,2,1,1,4,1,1,40,90,60,50,30,90,50,40,100,70,100,60,3,5,7,4,5,5,5,2,6,2,1,4,1,1,1,4,1,2,2,4,5,1,4,3,5,4,2,1,4,5,4,5,1,5,2,5,6,5,2,5,Male,35,Caucasian or White,,Moderate,No party,
268,R_5hc48RJW0LcGkuZ,Liberal,Simple,Neutral,V2,S3,7,1,4,4,4,4,5,2,3,4,5,1,1,1,1,1,5,1,1,5,1,1,0,100,100,100,0,100,100,100,100,100,100,100,7,1,7,1,7,7,7,1,7,1,5,1,5,5,5,1,5,5,5,1,1,5,1,3,1,1,5,5,1,7,1,7,1,7,1,7,6,7,1,7,Female,43,Caucasian or White,,Extremely conservative,Republican Party,
355,R_8w8c2SmHMGNxPu9,Liberal,Simple,Anger,V3,S1,7,7,7,7,7,7,7,7,7,7,1,4,2,1,2,3,1,3,3,1,3,3,100,0,0,0,100,0,0,0,0,0,0,0,1,1,7,5,7,7,7,1,4,1,4,4,1,1,1,4,1,1,1,5,4,1,3,3,5,5,1,1,4,2,6,2,4,2,7,2,6,2,6,2,Male,37,Caucasian or White,,Extremely liberal,Democratic Party,
371,R_1ikuNtqiJaYNquh,Liberal,Complex,Anger,V3,S4,6,6,4,4,4,5,4,4,4,4,3,1,1,1,1,2,1,1,1,1,1,1,40,70,100,90,50,50,100,80,100,100,100,100,4,3,7,3,3,3,3,3,7,4,2,2,4,4,2,2,2,4,2,2,2,2,1,3,2,1,2,4,4,5,4,4,5,5,5,5,6,6,4,6,Male,41,Caucasian or White,,Extremely conservative,Republican Party,
384,R_1EhWuB3zOhkiN18,Conservative,Simple,Anger,V4,S5,7,7,7,7,7,7,7,7,7,7,5,1,1,1,1,1,5,1,1,5,3,1,50,90,50,30,50,50,40,30,80,40,50,60,7,5,7,1,7,1,7,1,7,4,5,5,3,5,3,5,5,5,5,5,5,5,5,3,5,5,5,5,5,7,7,7,7,7,7,7,6,7,4,4,Male,21,Hispanic or Latinx,,Extremely liberal,Democratic Party,
371,R_26lS4Fu62WqAyc7,Conservative,Complex,Anger,V3,S8,7,7,1,1,2,4,1,1,1,1,2,1,1,2,2,2,3,2,1,3,2,1,100,30,0,10,100,80,0,0,50,0,10,0,1,5,4,7,3,7,6,2,1,3,2,3,2,2,3,4,2,3,4,4,4,2,3,3,4,4,2,2,4,3,6,3,2,4,2,3,6,3,6,3,Female,26,Caucasian or White,,Extremely liberal,No party,
372,R_3ISPPScdrnpPEok,Liberal,Complex,Fear,V5,S4,4,4,2,1,1,1,4,1,1,1,1,1,1,1,1,1,1,1,1,1,1,1,100,100,70,0,30,60,0,0,50,10,0,0,1,4,7,4,5,6,1,1,4,1,4,3,1,1,2,4,1,3,5,5,4,1,3,3,5,3,1,1,5,4,7,4,4,5,6,4,6,4,7,4,Female,30,Asian American or Asian,,Moderate,No party,
404,R_1H5euIXP60kjUwo,Conservative,Simple,Neutral,V2,S6,7,6,1,1,1,1,1,1,1,1,1,1,1,1,4,4,1,1,1,1,1,3,100,0,20,0,100,0,0,0,0,0,10,0,1,5,2,7,7,7,7,6,1,1,2,1,4,3,5,1,3,4,4,1,1,4,2,3,5,1,5,2,3,5,2,5,1,3,2,5,6,5,1,5,Female,45,Native American,,Extremely liberal,Democratic Party,
408,R_1pXODb0G57Iq3Ea,Conservative,Simple,Anger,V3,S6,6,6,1,1,1,1,1,1,1,2,1,4,4,1,5,5,1,2,4,1,5,4,50,60,0,0,50,50,0,0,60,50,50,0,3,2,5,3,6,6,6,1,4,3,4,4,2,1,1,1,1,2,1,3,4,3,4,3,4,4,4,3,3,5,5,6,1,5,2,6,6,5,4,4,Female,27,Caucasian or White,,Extremely liberal,Democratic Party,
424,R_AmupU6NfXY81fNf,Liberal,Simple,Neutral,V2,S1,6,5,3,2,3,2,2,2,2,3,4,1,1,1,1,1,3,1,2,3,1,1,80,70,50,70,30,80,100,90,50,80,90,100,2,1,6,4,5,6,7,1,7,3,5,5,1,2,1,2,2,2,2,2,5,1,4,3,5,4,4,1,4,3,5,5,2,6,2,6,6,6,2,7,Female,26,Caucasian or White,,Moderate,No party,
417,R_1gSDpIBAO3Syqlv,Conservative,Simple,Fear,V6,S5,7,3,3,1,1,1,3,2,5,3,4,1,1,1,1,1,2,1,1,3,1,1,10,100,80,60,10,70,20,60,70,80,60,80,3,3,6,6,5,7,5,2,2,1,2,2,5,4,4,2,4,4,3,2,4,4,4,3,2,4,2,4,4,7,7,2,5,3,3,5,6,5,2,5,Female,38,Caucasian or White,,Extremely conservative,Republican Party,
403,R_9Hy0pHeLifjhptL,Conservative,Complex,Neutral,V2,S8,6,6,2,2,3,4,2,2,2,2,4,1,1,1,1,1,4,1,1,4,1,1,90,80,100,50,70,90,0,0,80,90,50,80,6,1,6,1,6,4,6,1,6,1,4,4,1,1,1,4,2,1,1,4,4,1,4,3,4,4,1,2,4,4,3,4,2,2,2,4,6,2,2,2,Female,54,Caucasian or White,,Moderate,No party,
316,R_1gCJdZmBzcPvTlz,Conservative,Simple,Neutral,V1,S7,7,7,1,1,1,1,1,1,1,1,5,3,1,1,3,5,1,3,3,1,1,3,100,0,50,0,100,50,0,0,100,50,100,100,3,1,5,1,7,5,7,1,7,1,5,5,1,1,1,4,1,1,1,5,3,1,3,3,5,5,1,1,5,5,1,5,1,5,1,5,6,5,1,5,Female,61,Caucasian or White,,Moderately liberal,Democratic Party,
415,R_3R3AQfndoB2xO8r,Conservative,Simple,Anger,V3,S7,7,4,5,5,6,6,7,6,6,6,2,3,3,1,1,2,4,2,4,3,2,2,80,10,90,60,100,60,10,40,30,60,70,90,6,2,2,7,5,5,6,1,2,2,4,4,2,2,2,4,3,3,3,4,3,2,4,3,4,3,4,3,3,6,3,3,3,4,2,3,6,4,2,5,Female,20,Caucasian or White,,Extremely liberal,Democratic Party,
395,R_2WMwlNlKXxNWePE,Conservative,Simple,Neutral,V1,S6,6,4,3,3,4,3,3,2,4,5,3,1,1,2,2,1,3,2,2,3,2,1,40,70,50,50,30,70,60,60,70,60,70,50,3,5,5,6,6,6,3,3,2,3,3,4,2,2,1,4,2,4,2,4,4,2,3,3,4,3,2,1,5,6,6,6,2,5,5,5,6,5,3,4,Male,29,Caucasian or White,,Moderately conservative,Republican Party,
423,R_1HnJUboeZ7C4tmO,Conservative,Simple,Anger,V3,S6,6,6,6,6,5,7,5,5,6,6,3,1,1,2,2,1,1,1,1,3,1,3,40,80,70,60,30,90,90,100,70,80,80,100,5,6,6,2,5,5,6,2,6,5,2,3,4,4,2,3,4,4,4,5,4,2,2,3,3,4,4,3,4,6,7,5,2,5,6,6,6,5,6,5,Male,27,Caucasian or White,,Moderately conservative,Republican Party,
399,R_1hKDbG9zduGWpez,Conservative,Simple,Anger,V4,S5,6,6,1,1,1,1,1,1,1,1,4,2,1,1,3,3,1,1,2,4,1,2,100,0,10,0,70,0,50,0,0,20,70,0,1,2,6,3,2,7,3,3,6,7,4,4,2,2,2,4,2,3,2,4,4,2,5,3,4,4,2,2,4,2,6,2,5,2,6,2,6,2,7,2,Male,38,Caucasian or White,,Extremely liberal,Democratic Party,
458,R_10H7DYX7gwdlUTz,Liberal,Simple,Anger,V3,S3,7,6,4,4,3,4,4,2,5,4,4,2,1,1,1,1,3,1,1,3,1,1,90,20,80,50,60,10,100,90,80,80,100,90,2,2,6,3,2,6,6,2,5,4,1,1,4,5,5,1,3,5,5,1,2,3,2,3,1,1,5,4,4,5,4,5,2,4,3,4,6,5,3,5,Male,45,Caucasian or White,,Moderately liberal,Democratic Party,
432,R_5oNmwD6X4vDwKU9,Conservative,Complex,Anger,V3,S8,7,6,1,1,1,1,1,1,1,1,4,2,2,2,4,4,1,4,3,2,2,4,50,50,30,60,60,10,10,10,30,20,30,10,4,3,5,4,5,5,5,2,3,1,2,3,2,2,2,3,2,2,2,3,3,2,3,3,4,3,4,1,3,3,3,4,4,5,5,5,6,3,5,4,Male,35,Caucasian or White,,Extremely liberal,Democratic Party,
466,R_3lADybUIqDlNBrA,Liberal,Simple,Anger,V3,S3,6,6,5,6,4,4,5,4,7,7,3,2,2,1,1,1,3,2,2,2,1,1,80,40,40,50,70,0,40,40,70,30,80,30,6,5,6,3,6,2,7,4,5,2,3,4,3,3,3,2,4,3,4,4,4,1,3,3,4,4,5,3,5,6,3,5,1,7,5,7,6,6,5,6,Female,31,Other:,mixed race,Moderately liberal,Democratic Party,
477,R_0kSFW0vFDK1m1XP,Conservative,Simple,Neutral,V2,S6,6,4,2,1,6,3,2,1,4,1,3,1,1,1,1,2,4,2,4,2,3,1,30,60,50,90,20,10,100,90,70,40,90,50,1,1,5,6,2,7,5,3,6,7,2,1,4,3,5,1,4,4,5,2,3,4,3,3,1,2,5,4,1,3,7,4,2,3,6,2,6,3,7,5,Male,26,Caucasian or White,,Moderately conservative,Republican Party,
462,R_1JIqSg9pFt6adLe,Liberal,Simple,Anger,V3,S2,6,6,5,5,5,6,4,4,6,5,4,1,1,1,1,1,4,1,1,5,2,1,0,100,100,50,10,90,100,100,100,90,100,100,3,2,6,2,4,6,6,2,6,4,4,4,2,2,2,4,2,2,2,4,4,2,3,3,4,4,2,2,4,6,6,6,4,6,6,6,6,5,6,6,Male,40,Hispanic or Latinx,,Extremely conservative,Republican Party,
452,R_3dRGh6pN54RvRgJ,Liberal,Simple,Anger,V3,S2,7,7,7,7,7,7,7,4,7,7,1,1,1,1,1,1,1,1,1,1,1,1,100,40,0,0,100,0,0,0,0,40,0,0,1,1,7,5,7,7,7,1,4,1,2,1,3,5,5,3,5,5,5,3,2,2,3,3,4,2,5,4,5,4,7,4,7,7,7,4,6,4,7,4,Female,25,Caucasian or White,,Extremely liberal,No party,
476,R_2tMddkDfnZG5Gwy,Liberal,Simple,Fear,V5,S3,7,7,6,6,4,4,5,1,6,5,3,2,1,1,1,1,2,1,3,1,1,2,80,50,40,20,50,50,0,0,50,20,40,40,2,6,4,4,6,4,4,2,4,1,4,4,4,4,2,3,2,3,2,4,4,2,4,3,4,2,3,1,3,3,3,3,3,5,2,4,6,5,2,4,Male,36,Hispanic or Latinx,,Moderately liberal,Democratic Party,
490,R_bpEgM6YPH7goupX,Conservative,Complex,Anger,V3,S8,6,4,5,5,5,5,5,4,5,5,4,1,1,1,1,1,2,1,1,2,1,1,10,100,70,60,10,100,100,100,100,100,100,100,3,3,6,4,4,5,6,3,5,1,3,3,3,3,3,3,3,3,4,3,4,3,3,3,3,3,4,2,4,3,5,3,4,3,4,3,6,3,5,3,Female,61,Caucasian or White,,Moderate,Other:,independent
481,R_3Dda0brRLruFfsd,Liberal,Simple,Fear,V6,S2,5,6,6,6,5,6,6,4,5,6,4,1,1,1,1,1,3,1,1,3,1,1,50,90,50,40,40,90,50,50,90,70,60,50,3,3,5,2,4,5,5,3,6,4,2,4,2,2,2,4,2,2,2,4,4,2,3,3,4,4,2,2,3,4,5,4,3,6,6,4,6,4,4,4,Male,29,Caucasian or White,,Moderately conservative,Republican Party,
489,R_1FmGwNZ96SfJhHb,Conservative,Simple,Anger,V3,S7,7,6,2,2,2,2,2,2,2,2,4,1,1,1,1,1,3,1,1,4,1,1,100,10,20,0,90,10,20,20,60,50,20,30,1,5,7,4,5,6,2,1,6,5,5,4,1,1,1,3,2,2,1,4,4,1,4,3,4,4,2,2,3,2,7,2,4,5,6,6,6,5,6,4,Female,36,Caucasian or White,,Extremely liberal,Democratic Party,
456,R_2CxJ26Z3dAMxUqB,Conservative,Complex,Fear,V6,S8,7,7,1,1,1,1,1,1,1,1,2,1,1,1,3,1,1,1,2,1,1,1,50,50,20,10,60,0,0,0,50,10,10,0,2,6,7,2,6,6,7,1,7,1,4,4,1,1,1,4,1,3,1,4,4,1,4,3,4,4,3,1,4,7,6,7,4,7,5,7,6,7,7,7,Female,30,Caucasian or White,,Moderately liberal,Democratic Party,
272,R_2sSE6O5gMcuuZes,Liberal,Simple,Neutral,V1,S3,7,7,7,7,7,7,7,4,7,7,5,1,1,1,1,1,5,1,1,5,1,1,50,50,40,40,60,0,100,100,60,50,100,90,4,1,6,4,5,4,6,1,6,2,3,3,3,3,2,3,3,3,3,3,2,4,3,3,2,3,3,3,2,5,5,5,2,4,5,5,6,5,4,5,Male,45,Caucasian or White,,Moderately liberal,Democratic Party,
343,R_2dMbORURjKpZhmA,Conservative,Simple,Neutral,V2,S5,7,4,1,1,4,4,1,1,1,1,1,1,1,1,1,2,1,1,1,3,1,1,90,20,50,0,90,70,0,0,50,30,0,0,1,5,4,4,4,6,4,4,6,1,3,1,1,3,1,3,3,3,3,3,3,3,1,3,4,3,4,1,3,1,6,1,4,1,4,1,6,1,4,1,Male,31,Other:,Mixed,Extremely liberal,No party,
522,R_1Nt7MSXbDMuAG2r,Liberal,Simple,Fear,V5,S3,7,6,7,6,6,5,6,5,7,7,4,2,2,1,1,2,1,2,3,1,1,2,10,50,50,100,90,10,90,80,50,30,100,50,2,1,7,7,6,7,7,1,2,2,2,4,1,2,1,4,1,2,2,4,5,1,4,3,4,4,2,1,5,2,6,2,5,2,5,2,6,2,5,2,Female,38,Caucasian or White,,Moderately liberal,Democratic Party,
426,R_ZduFOwlG4s4OiRj,Liberal,Simple,Neutral,V2,S3,6,6,6,6,6,6,5,4,5,6,4,1,1,1,1,1,3,1,1,5,1,1,100,50,50,0,70,0,100,100,100,50,90,70,7,1,7,1,7,1,7,1,7,1,5,5,1,1,1,4,1,2,1,5,5,1,5,3,5,5,1,1,3,6,2,6,2,6,4,6,6,6,3,6,Male,42,Caucasian or White,,Moderately liberal,Democratic Party,
524,R_1NxBDVivtFkoMNT,Liberal,Simple,Anger,V4,S2,6,5,7,7,4,5,3,6,6,5,2,1,1,1,2,1,4,1,1,3,4,1,50,20,20,10,50,80,20,20,50,30,20,50,3,2,5,4,2,7,6,1,1,2,1,3,5,4,2,3,2,2,5,3,2,4,1,3,2,4,2,2,4,6,7,5,5,3,2,3,6,7,4,4,Male,27,Caucasian or White,,Moderately liberal,Democratic Party,
540,R_3kvN31Ick4VtAjv,Conservative,Simple,Fear,V6,S7,7,4,1,1,1,5,1,1,1,1,5,1,1,1,1,1,2,1,1,3,1,1,100,50,30,0,50,60,20,20,80,0,50,50,1,5,7,5,7,7,1,1,5,7,4,4,2,1,1,3,2,3,1,4,2,2,4,3,4,4,3,1,2,5,7,5,7,5,7,5,6,5,7,5,Male,38,Caucasian or White,,Extremely liberal,Democratic Party,
533,R_1mCYdaU2ngZvJiz,Liberal,Complex,Anger,V3,S4,7,7,6,5,5,4,6,5,7,7,3,2,2,1,1,3,2,3,4,1,3,3,100,60,10,70,100,10,50,50,40,60,40,10,2,5,3,7,7,6,7,6,5,2,4,2,1,2,2,3,2,4,2,4,4,2,2,3,4,3,2,2,5,5,7,5,5,3,6,5,6,5,4,6,Male,21,Caucasian or White,,Moderately liberal,No party,
324,R_3iwKU7H8yo80wEf,Liberal,Simple,Neutral,V1,S2,7,7,7,7,7,7,7,7,7,7,3,1,1,1,1,1,3,1,1,5,1,1,0,0,0,100,100,50,100,100,100,50,100,0,7,1,6,1,7,1,7,7,7,1,5,5,1,1,1,5,1,4,2,1,5,1,1,3,2,3,1,2,4,7,2,6,1,6,2,7,6,6,2,7,Female,54,African American or Black,,Moderately liberal,Democratic Party,
362,R_1LbaM3dBl13MDps,Conservative,Simple,Anger,V3,S6,5,4,5,4,5,4,5,4,5,4,3,4,3,3,4,3,3,4,3,3,3,4,50,50,50,60,50,60,50,60,50,50,60,60,5,4,3,4,3,4,5,4,4,5,3,2,3,2,3,2,3,2,3,2,3,3,2,3,3,2,3,2,3,4,3,4,5,4,3,4,6,5,5,4,Male,51,Caucasian or White,,Extremely conservative,Republican Party,
445,R_339nlhiC2DoJ4HS,Conservative,Complex,Neutral,V1,S8,7,6,3,3,3,1,2,1,3,3,4,2,1,2,1,2,1,2,2,4,1,1,40,60,70,30,40,30,70,70,80,40,90,70,1,2,6,3,3,7,6,2,6,5,4,4,1,2,1,4,2,2,2,5,4,2,4,3,4,5,2,2,5,5,3,6,2,6,3,5,6,6,3,6,Female,45,Caucasian or White,,Moderate,No party,
566,R_2zdyj1STE37Azvb,Liberal,Simple,Fear,V5,S2,7,7,7,7,7,7,7,7,7,7,4,2,2,1,3,3,2,2,1,3,1,4,100,0,0,20,100,20,50,30,30,0,40,30,6,2,6,3,7,3,7,2,6,2,2,2,2,4,2,2,2,2,4,2,2,2,2,3,4,2,4,2,4,5,3,5,2,3,2,5,6,5,2,3,Female,59,Caucasian or White,,Extremely liberal,Green Party,
555,R_2Cm2Ql9vzvAmYcc,Liberal,Simple,Neutral,V1,S2,7,5,5,4,4,5,4,2,4,5,2,1,1,1,1,1,4,1,1,3,1,1,0,100,70,70,10,50,100,100,100,90,100,90,1,6,6,5,5,7,6,5,5,5,4,4,1,1,1,2,1,2,1,5,4,2,4,3,4,5,2,1,4,6,7,6,2,5,5,5,6,5,3,5,Male,49,Caucasian or White,,Moderate,No party,
516,R_W84fo38end7BD9L,Liberal,Complex,Anger,V3,S4,6,6,6,6,3,3,5,5,5,6,3,1,1,1,1,1,1,1,1,2,2,1,20,100,50,50,40,100,100,100,100,50,100,50,1,1,6,2,3,7,5,2,6,6,3,3,4,3,4,3,4,4,3,4,4,2,3,3,4,3,4,2,2,5,6,5,5,5,6,5,6,5,6,5,Male,53,Caucasian or White,,Moderate,Republican Party,
418,R_3MbxLIpSwhTxSuK,Liberal,Simple,Anger,V3,S1,6,4,1,1,1,1,1,1,3,2,4,4,3,4,5,5,1,4,5,1,5,5,80,20,20,0,60,0,0,0,60,0,30,0,1,1,6,7,2,6,4,1,1,1,1,1,4,4,4,1,4,4,4,1,1,4,1,3,1,1,4,4,1,5,2,5,1,3,1,5,6,4,2,4,Female,61,Caucasian or White,,Moderately liberal,Democratic Party,
370,R_2Ei8hCj9dczhPvh,Conservative,Simple,Neutral,V1,S5,6,6,6,6,6,7,5,5,7,7,2,1,1,1,1,1,1,1,1,1,1,1,0,40,80,100,70,60,100,100,70,70,100,70,6,5,7,5,6,3,3,1,5,1,2,1,4,4,2,1,4,2,4,2,2,2,1,3,1,2,5,2,1,6,2,6,2,5,1,6,6,6,1,6,Female,42,Caucasian or White,,Moderately conservative,Republican Party,
574,R_12fLXnInJ0lAaHE,Conservative,Simple,Anger,V3,S6,5,4,5,5,3,5,5,4,5,4,4,2,2,2,2,2,3,2,3,3,2,2,40,60,40,40,40,30,50,40,50,30,30,70,5,5,4,3,5,5,4,3,4,3,3,3,2,2,4,3,4,2,2,3,3,2,4,3,3,2,2,3,4,5,5,4,5,3,3,4,6,4,4,3,Male,24,Caucasian or White,,Moderately conservative,Republican Party,
602,R_6Jv0LqAt8n7L4jv,Liberal,Simple,Fear,V6,S1,7,7,2,2,2,7,2,1,6,3,5,1,1,1,1,1,1,1,1,4,1,1,30,0,0,0,70,0,50,50,70,50,50,0,3,1,6,1,5,5,6,1,5,3,4,4,1,1,1,4,1,1,1,2,5,1,4,3,4,4,1,2,5,6,5,6,3,6,2,6,6,6,3,6,Male,55,Caucasian or White,,Moderately liberal,Democratic Party,
616,R_BypCWsxcxogV7Et,Conservative,Simple,Neutral,V2,S5,4,3,2,4,4,4,5,5,3,4,2,3,1,1,1,1,3,1,1,3,3,1,100,40,10,0,50,0,0,0,20,20,0,0,2,2,3,3,4,3,3,3,4,4,2,3,3,3,3,2,3,3,3,2,3,2,3,3,3,4,4,4,4,3,4,4,5,3,4,3,6,4,4,5,Female,31,Caucasian or White,,Moderately liberal,Democratic Party,
567,R_2cqhMKickkdzbpU,Liberal,Simple,Fear,V5,S3,7,7,7,7,7,7,7,7,7,7,4,1,1,1,1,1,3,1,1,4,1,1,60,80,20,50,90,10,50,50,70,60,80,40,7,1,6,3,6,1,7,1,5,1,4,5,1,1,1,4,1,2,2,4,5,1,4,3,4,4,1,1,4,6,2,6,3,6,2,6,6,6,2,6,Male,38,Caucasian or White,,Moderately liberal,Republican Party,
467,R_324RgEYd44NFz97,Conservative,Simple,Neutral,V1,S6,7,7,2,2,1,2,2,1,2,1,4,1,1,1,2,2,1,2,1,3,1,2,100,30,20,0,50,0,50,0,90,70,80,10,2,1,6,4,6,7,7,1,5,2,4,3,2,2,2,3,1,2,2,4,5,1,3,3,4,4,2,1,4,5,5,3,3,6,6,4,6,5,6,5,Female,42,Caucasian or White,,Moderately liberal,Democratic Party,
577,R_3jVx0IAGfW5EswI,Liberal,Simple,Neutral,V2,S1,7,6,7,7,6,4,6,5,7,7,4,2,1,1,1,1,3,1,2,3,1,1,60,50,30,0,70,0,30,20,70,50,60,60,3,2,5,3,6,5,5,2,6,4,3,3,2,2,2,2,2,4,3,4,5,2,2,3,4,3,2,1,3,4,5,6,2,5,5,4,6,5,5,5,Male,32,Caucasian or White,,Moderately liberal,Democratic Party,
596,R_2B4GPaLXlY3m0Uo,Liberal,Simple,Fear,V5,S2,6,6,2,1,1,2,1,1,1,1,3,1,1,1,1,1,3,2,1,3,1,1,0,100,100,50,20,100,100,100,100,70,100,100,3,1,6,3,6,6,6,2,6,3,4,4,2,2,2,4,2,3,2,4,4,2,4,3,4,4,2,2,4,5,2,5,2,5,2,5,6,5,2,5,Female,61,Caucasian or White,,Extremely conservative,Republican Party,
646,R_3CTnpCyzG6RCpra,Conservative,Simple,Fear,V5,S5,6,6,4,5,4,5,3,1,5,5,4,2,1,1,1,1,4,1,1,5,1,1,60,70,70,0,20,90,20,30,100,50,50,80,5,4,4,5,6,2,7,5,3,1,4,3,1,2,1,5,2,3,1,5,5,1,4,3,5,5,2,3,4,6,2,6,1,2,1,7,6,5,1,7,Female,28,Caucasian or White,,Moderately conservative,Republican Party,
533,R_3QQmOleKtaMOCpW,Liberal,Simple,Fear,V6,S1,6,7,6,6,3,4,4,5,3,5,4,1,1,1,1,2,4,1,1,4,2,1,40,70,70,90,80,60,70,50,30,90,60,80,4,5,7,4,5,4,7,5,6,5,5,2,4,3,5,3,4,5,4,3,5,3,2,3,2,2,4,3,4,3,5,6,4,5,7,2,6,4,5,4,Male,24,African American or Black,,Extremely conservative,Republican Party,
627,R_1mJcsVVA25DWoec,Conservative,Simple,Fear,V5,S6,7,7,1,1,1,1,1,1,1,1,4,2,1,1,1,1,4,1,1,4,1,1,100,10,70,0,90,0,0,0,50,80,50,90,4,1,7,1,6,5,5,1,7,4,1,1,5,5,5,1,5,5,5,1,1,5,1,3,1,1,1,5,1,7,5,6,3,7,5,6,6,7,2,7,Female,55,Caucasian or White,,Moderately liberal,Democratic Party,
513,R_3a6raHl8o2rtVRv,Liberal,Simple,Neutral,V2,S2,7,6,7,5,4,5,4,4,6,5,5,1,1,1,1,1,4,1,2,2,1,1,10,60,60,100,100,50,60,60,80,80,90,40,5,5,5,3,7,5,7,3,6,1,4,4,1,1,1,2,1,2,4,5,5,1,4,3,3,4,3,1,4,7,7,7,2,6,4,7,6,7,2,7,Female,50,Caucasian or White,,Moderate,No party,
652,R_r6ctNhDb0FTALJf,Liberal,Simple,Anger,V4,S2,6,5,5,5,6,7,5,5,7,5,3,1,1,1,1,1,2,1,1,4,1,1,0,50,60,0,50,40,50,50,100,80,100,30,6,2,6,3,7,1,6,2,5,1,2,1,4,3,2,4,3,1,4,2,4,1,2,3,4,1,2,2,1,5,4,5,5,5,3,4,6,5,2,5,Male,52,Caucasian or White,,Moderately liberal,Democratic Party,
562,R_2WNFNSKAD0RteBP,Liberal,Complex,Fear,V6,S4,7,3,2,2,1,3,2,2,4,1,1,1,1,1,1,1,1,1,1,2,1,1,50,70,50,20,50,50,50,50,70,50,50,50,4,4,6,3,5,2,2,3,6,3,3,3,2,3,2,3,2,3,3,4,3,3,2,3,3,3,3,2,4,5,6,5,4,5,4,5,6,5,4,5,Male,34,Caucasian or White,,Moderate,No party,
370,R_12DBU2tP5Wm3gu4,Liberal,Simple,Neutral,V2,S1,6,6,6,6,6,6,7,7,7,7,4,1,1,1,1,1,4,1,1,4,2,1,30,80,80,80,70,60,80,80,80,80,70,70,5,1,6,2,6,4,6,1,6,3,4,4,1,4,2,4,2,2,4,3,4,2,2,3,4,3,2,2,2,6,2,6,2,6,2,5,6,5,4,6,Male,56,Caucasian or White,,Moderately conservative,Republican Party,
645,R_3qQZVwSkoE7ptWU,Liberal,Simple,Anger,V4,S3,6,6,6,6,3,4,6,5,6,6,3,4,4,2,2,3,2,4,4,1,3,4,90,40,40,10,90,10,70,30,40,30,60,60,1,1,6,7,6,7,6,3,6,2,4,4,2,2,2,2,2,3,2,4,4,2,3,3,4,4,2,4,3,4,6,4,4,3,4,4,6,4,5,4,Male,31,Caucasian or White,,Extremely liberal,Democratic Party,
659,R_3DwHFiF69xAZivu,Liberal,Simple,Anger,V4,S1,7,7,7,7,7,5,6,4,6,7,5,1,1,1,1,1,4,1,2,4,1,1,50,60,40,0,90,0,80,70,50,60,80,50,1,1,7,5,5,7,7,1,3,1,3,4,2,3,2,2,3,1,4,4,3,2,3,3,5,3,2,1,4,5,3,5,2,5,1,5,6,4,2,3,Male,61,Caucasian or White,,Extremely liberal,Democratic Party,
505,R_2OIHmiAQOZbkSjD,Conservative,Simple,Fear,V6,S7,6,5,3,3,4,4,3,2,2,2,4,1,1,1,1,1,3,1,1,3,1,1,100,80,40,0,70,50,20,30,50,50,40,30,5,2,6,2,6,7,5,1,6,2,4,4,2,2,2,2,2,2,2,5,5,2,4,3,4,2,4,1,2,5,6,6,5,5,6,5,6,5,5,5,Male,34,Caucasian or White,,Moderate,No party,
642,R_1K25k8UYRV2nmrn,Conservative,Simple,Fear,V5,S5,5,6,3,3,2,5,5,6,5,6,4,1,2,1,1,2,2,1,1,4,4,2,70,30,10,20,90,60,10,10,50,70,20,50,5,3,2,5,3,5,5,2,2,3,4,4,5,4,2,4,4,2,2,1,4,2,4,3,4,2,4,2,4,6,3,6,2,2,3,3,6,1,2,3,Female,47,Caucasian or White,,Moderately liberal,Democratic Party,
635,R_3KTT3LU6oYx5bEZ,Liberal,Simple,Fear,V5,S3,5,5,2,4,4,4,2,2,3,3,4,1,1,1,3,1,1,2,1,2,1,1,0,100,100,100,10,100,100,100,100,80,100,100,7,1,7,1,7,5,6,1,7,1,4,4,1,1,1,4,1,3,2,4,4,2,4,3,5,4,3,2,5,6,2,6,1,5,2,5,6,5,1,6,Female,64,Caucasian or White,,Extremely conservative,Republican Party,
552,R_24MdGreuKHZn1L4,Conservative,Simple,Anger,V3,S5,7,7,4,4,4,5,5,4,5,5,4,1,2,1,2,2,3,2,2,3,1,3,100,50,70,70,70,50,70,80,100,70,100,100,4,3,6,2,7,4,6,1,6,1,2,2,4,4,3,2,4,4,4,2,3,3,2,3,4,2,4,4,2,6,3,6,2,5,3,6,6,6,2,6,Female,62,Caucasian or White,,Moderately liberal,Democratic Party,
657,R_AyXBH8d8PwIRZeN,Conservative,Simple,Anger,V3,S6,6,6,5,5,4,2,5,4,4,5,4,1,1,1,1,2,3,1,1,4,2,1,20,90,70,50,40,90,90,90,90,80,90,90,5,1,6,1,5,2,6,2,6,2,3,5,1,2,4,3,2,2,2,5,5,2,3,3,4,5,3,2,4,5,6,5,3,5,3,5,6,5,3,5,Male,59,Caucasian or White,,Moderately liberal,No party,
379,R_2QAIMhsge88hax4,Liberal,Simple,Neutral,V1,S2,5,1,1,1,1,1,1,1,1,1,3,3,1,1,2,2,4,2,1,3,2,2,10,100,0,0,0,100,40,60,90,70,100,10,2,5,5,3,5,7,3,2,6,3,2,4,2,2,2,4,2,4,4,5,5,1,2,3,4,2,2,1,5,3,5,5,2,5,3,3,6,5,6,4,Male,31,Hispanic or Latinx,,Extremely conservative,Other:,Anarcho Capitalism 
688,R_1q4F33EJNFhPC6a,Conservative,Simple,Fear,V5,S6,7,5,2,2,2,2,4,3,5,1,5,3,2,1,1,1,3,2,4,1,3,2,90,10,0,0,30,0,30,0,50,50,50,0,1,6,7,4,1,7,5,1,4,5,2,4,1,1,1,4,1,1,1,4,4,1,4,3,4,4,4,1,5,5,6,5,2,5,6,5,6,6,7,6,Female,38,Caucasian or White,,Extremely liberal,Democratic Party,
662,R_2YVp7UVv0Y0UJrI,Conservative,Complex,Fear,V5,S8,7,6,1,1,4,1,2,1,1,1,4,2,2,3,2,2,1,3,2,1,3,2,40,80,80,50,100,100,100,100,100,50,100,100,2,1,7,2,5,6,7,5,5,5,2,4,2,1,1,2,2,1,1,3,5,1,3,3,5,5,2,1,5,5,3,5,1,5,2,5,6,5,3,5,Female,49,Caucasian or White,,Moderately liberal,No party,
723,R_1Qc1F2MBX2gTlz0,Liberal,Simple,Anger,V3,S2,4,4,4,4,2,3,2,4,4,4,1,1,1,1,1,1,1,1,1,1,1,1,50,80,70,0,0,80,50,50,80,40,80,50,1,2,4,4,4,6,4,4,6,1,1,1,5,5,1,1,5,5,5,1,1,5,1,3,1,1,5,5,1,4,5,4,4,4,5,4,6,4,4,5,Male,37,Caucasian or White,,Moderate,No party,
464,R_5ausLtLWRvKiZvX,Liberal,Simple,Fear,V6,S3,6,6,7,7,7,7,7,2,7,7,5,3,3,1,1,1,3,1,3,1,3,3,40,50,50,50,50,0,100,100,50,70,100,90,4,2,5,5,4,4,6,4,6,6,4,2,4,4,3,2,3,4,4,1,1,5,3,3,3,2,3,3,3,6,4,6,2,4,4,4,6,4,4,4,Female,45,Caucasian or White,,Extremely liberal,Democratic Party,
603,R_2BzFuHBZnrBfiJ6,Conservative,Simple,Fear,V5,S7,7,6,6,6,6,6,6,5,6,6,4,3,1,1,1,1,2,1,4,2,2,2,0,50,60,80,70,30,80,70,50,70,80,50,7,1,6,1,7,6,6,1,4,1,1,1,4,4,4,1,5,4,4,3,2,3,1,3,4,3,4,4,4,5,5,6,6,6,6,5,6,5,5,5,Female,33,African American or Black,,Moderately liberal,Democratic Party,
698,R_21n7C8vivVmeMUS,Liberal,Simple,Fear,V5,S2,7,7,7,7,7,7,7,5,7,7,4,3,1,3,3,3,1,4,1,3,1,4,100,50,50,10,80,50,20,20,50,50,100,100,2,1,7,1,6,5,7,1,7,4,4,5,1,1,1,3,1,2,3,4,4,1,4,3,4,2,3,3,4,6,5,6,1,6,3,6,6,7,4,7,Female,55,Caucasian or White,,Moderate,No party,
723,R_2eQZMaErT2EAOK4,Liberal,Complex,Anger,V4,S4,7,6,7,6,4,1,7,4,7,7,5,1,1,1,1,1,3,1,1,5,1,1,100,0,10,70,90,0,0,0,50,10,70,0,2,1,7,1,7,6,4,1,7,1,5,5,1,1,1,5,1,1,1,5,5,1,4,3,5,5,1,1,5,3,5,3,2,7,4,6,6,6,5,6,Female,34,Hispanic or Latinx,,Extremely liberal,No party,
729,R_27HELy8TKcs5EXA,Conservative,Simple,Neutral,V1,S5,6,5,4,5,4,5,5,4,5,4,4,2,4,1,3,3,4,2,3,3,1,3,50,90,90,50,50,70,90,90,50,60,90,90,2,2,6,2,5,7,6,2,6,1,2,2,2,2,2,1,2,4,4,4,3,2,2,3,4,3,4,2,2,6,5,6,2,6,2,6,6,6,5,6,Female,60,Caucasian or White,,Moderately conservative,Republican Party,
721,R_3J97q8LIABpDTo4,Conservative,Simple,Anger,V3,S5,6,6,6,6,6,2,6,6,6,6,5,1,1,1,1,1,4,1,1,4,1,1,50,60,100,20,70,10,100,100,50,20,100,100,5,1,7,1,6,5,7,1,6,1,2,2,3,4,3,1,1,5,1,2,4,2,2,3,4,3,4,3,5,6,3,6,1,6,1,6,6,6,1,6,Female,47,Caucasian or White,,Moderate,Democratic Party,
726,R_12r7mAyq5LaDP2u,Liberal,Simple,Fear,V5,S3,7,7,7,7,7,7,7,7,7,7,5,1,1,1,1,1,4,1,2,2,3,1,100,30,0,0,90,0,0,0,10,30,0,0,1,3,5,5,2,6,5,5,2,3,3,4,2,4,4,1,5,4,5,4,4,2,5,3,4,5,3,2,4,7,6,5,1,6,7,3,6,3,2,4,Female,23,African American or Black,,Extremely liberal,No party,
731,R_2ampzhhJTvcv1Uo,Conservative,Simple,Fear,V5,S7,7,6,1,1,4,4,1,1,2,4,3,1,1,1,1,1,1,1,1,1,1,1,50,50,50,40,50,20,50,50,50,50,90,50,1,2,7,2,6,6,6,1,7,2,4,5,1,2,1,5,1,2,3,5,5,1,4,3,5,4,2,1,5,4,7,5,3,6,7,7,6,6,7,7,Female,28,Other:,African American and Hispanic,Moderately liberal,Democratic Party,
389,R_UEndSsdYcNLUCE9,Conservative,Simple,Neutral,V2,S6,6,7,1,1,1,1,1,1,1,1,1,1,1,1,1,1,1,1,1,3,3,1,100,0,10,0,80,40,0,0,100,90,10,0,4,6,5,4,5,5,5,2,4,3,5,5,1,1,1,5,1,1,1,5,5,1,5,3,5,5,1,1,5,1,5,1,1,3,5,1,6,1,4,1,Male,28,Caucasian or White,,Moderate,Democratic Party,
746,R_dnGg1oyBweTfUIx,Liberal,Complex,Anger,V4,S4,7,7,7,6,7,6,6,3,7,7,4,2,1,1,1,1,2,2,2,1,1,1,50,70,80,50,90,10,50,50,90,50,80,90,3,2,5,2,6,5,6,2,6,3,4,4,2,1,1,4,1,1,1,5,4,1,4,3,4,5,2,2,4,5,6,5,5,6,6,5,6,6,6,5,Female,55,Caucasian or White,,Moderately liberal,Democratic Party,
686,R_2BaJx3tGs93zmk6,Conservative,Simple,Neutral,V1,S6,7,7,7,7,5,4,7,7,7,7,5,1,1,1,1,1,5,1,1,5,3,1,0,100,70,100,50,100,100,100,100,60,100,80,4,3,6,2,5,7,6,3,7,4,4,5,1,1,2,4,3,4,5,5,4,1,5,3,5,5,3,4,5,7,4,7,2,6,5,7,6,7,3,6,Male,36,Caucasian or White,,Extremely conservative,Republican Party,
728,R_xbIwZ3u7tX4DyqB,Liberal,Complex,Anger,V4,S4,7,6,5,5,6,6,5,5,6,6,2,3,1,1,1,2,1,1,3,1,1,2,90,70,30,0,30,50,50,20,70,60,50,50,2,5,6,7,7,4,6,1,3,1,4,3,2,2,1,4,3,3,2,4,5,1,3,3,4,4,3,1,4,5,2,6,1,5,2,4,6,5,2,6,Male,30,Caucasian or White,,Moderately liberal,No party,
303,R_9vH1UZ3JSdCNj7H,Conservative,Complex,Neutral,V1,S8,7,5,2,1,2,3,2,1,4,2,2,1,1,1,1,1,3,1,1,5,1,1,90,20,40,0,100,40,50,20,10,60,50,20,5,6,1,1,6,7,5,7,7,3,4,1,1,2,1,4,2,3,4,4,3,1,5,3,5,3,2,1,4,5,4,5,2,6,2,5,6,3,2,5,Male,38,Caucasian or White,,Moderately liberal,Democratic Party,
742,R_12umdllNkVAPg9A,Conservative,Complex,Anger,V4,S8,6,6,2,2,2,2,2,2,2,2,4,1,1,1,1,1,2,1,2,2,4,1,100,0,50,0,100,0,0,0,50,50,100,100,6,2,6,2,6,2,6,2,6,2,4,4,1,1,1,3,1,1,1,5,5,1,1,3,4,5,1,1,3,6,3,6,2,6,2,6,6,6,2,6,Female,58,Caucasian or White,,Moderately liberal,Democratic Party,
654,R_1l4z04cn6Sf7SpD,Liberal,Simple,Fear,V6,S1,5,5,2,2,3,6,4,2,6,3,3,1,1,1,1,1,2,1,2,2,1,1,40,60,70,10,30,40,30,50,80,50,90,70,3,2,6,3,3,6,2,6,6,6,1,1,4,5,5,2,4,4,5,1,1,4,1,3,3,1,4,2,4,5,5,5,2,6,3,5,6,5,5,5,Male,31,Caucasian or White,,Moderate,No party,
585,R_27jPQeQADAmjqyE,Conservative,Simple,Anger,V3,S5,7,7,1,1,2,1,1,1,1,1,3,2,1,1,1,1,1,3,1,3,1,1,70,10,70,0,70,10,60,30,70,40,80,60,6,1,5,1,7,5,6,5,7,1,5,5,1,1,1,4,1,1,1,5,5,1,4,3,5,5,1,1,5,6,5,6,1,6,5,6,6,6,2,6,Male,66,Caucasian or White,,Moderately liberal,Democratic Party,
762,R_1zAj1R6Ndoje63f,Liberal,Simple,Fear,V6,S1,5,5,4,3,3,3,3,3,4,4,2,3,3,1,3,1,2,1,3,2,3,1,70,50,50,50,50,40,50,50,60,50,50,50,3,4,5,3,5,5,5,3,5,3,2,4,2,4,3,3,4,3,3,3,4,2,3,3,4,3,3,2,2,4,5,4,4,5,4,5,6,5,4,5,Male,35,Asian American or Asian,,Moderate,Democratic Party,
762,R_AFibruwMFe6WuVb,Conservative,Simple,Fear,V6,S6,6,6,2,2,4,2,2,1,2,1,3,4,3,1,3,3,1,4,5,1,3,4,90,20,90,0,60,10,100,60,50,50,70,80,6,5,2,5,6,3,5,5,4,2,3,3,2,2,2,3,2,3,3,3,3,2,3,3,4,3,2,3,3,6,3,6,3,4,3,5,6,5,3,6,Male,68,Caucasian or White,,Moderate,Democratic Party,
772,R_3sziMOYEHJ5NGt4,Conservative,Complex,Fear,V6,S8,7,5,6,5,5,3,6,1,5,5,4,3,1,1,1,1,3,2,3,3,2,2,0,80,90,90,40,70,100,100,90,70,100,100,1,2,5,7,5,7,6,2,2,5,2,2,4,4,5,1,4,2,2,2,2,5,2,3,2,1,5,5,2,3,7,3,6,6,7,2,6,2,6,2,Male,43,Caucasian or White,,Moderately liberal,Democratic Party,
765,R_5py7VDDTrO6Vx9n,Conservative,Simple,Anger,V4,S5,6,6,2,1,3,6,1,1,5,4,1,1,1,1,1,1,1,1,1,3,1,1,30,60,60,80,60,0,100,70,100,60,60,50,3,7,7,1,7,4,1,1,6,1,4,4,1,2,2,5,3,2,2,5,5,1,4,3,5,4,1,2,5,5,6,5,3,7,6,7,6,7,2,7,Female,44,Asian American or Asian,,Moderately liberal,No party,
484,R_1PXCKWmz1IQsB3U,Conservative,Complex,Fear,V5,S8,6,6,6,7,7,7,6,7,7,6,4,2,2,2,2,3,2,3,3,2,2,3,50,50,80,90,60,70,80,90,60,70,90,100,3,2,6,5,5,5,6,3,5,4,1,1,4,5,4,1,4,4,4,1,3,3,1,3,3,1,5,4,1,5,6,5,4,5,4,5,6,5,4,5,Female,56,Caucasian or White,,Moderately liberal,Democratic Party,
465,R_1I4OnGIfz56R9SX,Liberal,Complex,Neutral,V1,S4,7,6,4,4,4,5,4,4,5,5,4,3,3,1,2,1,3,3,3,3,1,2,50,40,40,10,50,0,60,50,80,60,60,40,1,5,7,5,4,7,5,1,7,5,4,4,3,3,3,3,2,2,4,2,3,3,4,3,2,3,4,1,4,4,7,4,5,3,4,3,6,3,4,3,Female,40,Caucasian or White,,Moderately liberal,Democratic Party,
256,R_QfEF3lbv2dA91Bf,Conservative,Simple,Anger,V3,S7,6,7,5,5,2,2,3,1,2,4,1,1,1,1,1,1,1,1,1,1,1,1,90,90,0,10,0,10,50,10,90,80,50,20,3,2,5,6,2,6,6,2,6,5,4,5,1,2,2,4,1,2,4,4,5,4,1,3,4,4,1,2,2,5,6,5,2,5,7,3,6,5,7,5,Male,24,Asian American or Asian,,Extremely liberal,Democratic Party,
575,R_1JUwWdEPdi7o1aa,Liberal,Complex,Anger,V3,S4,7,7,7,7,6,7,6,6,7,7,5,1,1,1,1,1,3,1,1,5,1,1,0,0,0,100,50,50,100,100,60,30,70,50,7,1,7,1,6,1,7,1,7,1,3,3,3,3,3,3,2,3,3,3,3,3,3,3,3,3,3,2,2,7,2,7,1,7,2,7,6,7,3,7,Female,45,African American or Black,,Moderate,No party,
804,R_cTlmovdqxkw30Ih,Liberal,Simple,Fear,V5,S1,7,6,6,4,5,4,4,3,5,5,4,1,1,1,1,1,3,1,1,4,2,1,90,90,80,50,50,0,40,0,70,80,60,50,6,2,5,1,5,1,6,2,4,1,2,4,1,2,1,4,1,2,1,4,4,1,5,3,2,4,2,3,4,5,2,3,1,5,2,5,6,5,1,3,Female,28,Caucasian or White,,Moderately liberal,Democratic Party,
809,R_2w5MBNAQu4ydwPF,Conservative,Simple,Anger,V4,S7,6,3,4,4,5,2,4,3,5,4,3,4,2,1,2,4,1,1,3,1,3,2,40,90,80,50,20,90,50,60,90,90,70,70,6,5,7,3,6,5,5,1,6,3,4,3,2,4,2,2,5,4,5,5,3,1,2,3,5,4,3,5,1,2,6,5,3,4,5,3,6,6,6,3,Male,40,Caucasian or White,,Moderately conservative,Republican Party,
810,R_3JIfyHuqn5jFBMI,Conservative,Simple,Anger,V4,S7,7,5,5,5,4,4,3,3,4,4,3,3,2,2,2,2,2,2,2,2,3,2,0,60,60,50,40,40,70,50,50,60,90,40,3,5,3,5,3,5,5,6,3,5,2,2,3,2,2,2,3,4,3,2,3,2,3,3,4,3,3,2,4,5,5,3,5,4,5,3,6,3,6,5,Male,33,Asian American or Asian,,Moderate,Democratic Party,
716,R_SPKmr8ed2uzSkX7,Conservative,Simple,Fear,V5,S5,5,6,6,6,4,4,4,3,5,6,4,2,2,1,1,1,2,2,4,2,3,3,70,60,70,70,0,70,100,100,100,70,100,100,3,2,6,5,5,6,6,2,6,6,1,1,4,4,4,2,4,4,4,2,2,4,1,3,2,1,5,4,3,6,6,6,5,4,6,5,6,5,2,4,Female,36,Caucasian or White,,Moderately conservative,Republican Party,
853,R_Abac9v8CRTPzsyZ,Liberal,Simple,Fear,V6,S3,2,3,4,2,3,3,5,4,3,4,2,2,1,2,2,1,1,1,2,2,1,1,60,60,40,60,10,30,60,70,30,40,50,60,2,2,2,3,3,5,3,3,3,2,2,3,2,4,3,2,1,3,2,2,3,2,3,3,4,2,2,3,2,4,3,5,4,3,6,4,6,3,3,5,Female,44,African American or Black,,Moderate,Green Party,
858,R_1FLgrxK2LhjE7bz,Liberal,Simple,Fear,V5,S2,7,5,5,5,5,4,4,1,5,5,4,2,2,2,3,2,1,2,2,2,1,1,0,100,100,50,70,50,70,70,100,60,70,80,3,6,3,5,5,3,5,2,2,2,1,1,4,5,5,1,2,5,5,4,4,2,1,3,2,1,5,2,2,6,2,6,2,6,2,2,6,6,1,6,Male,59,Caucasian or White,,Moderately conservative,Republican Party,
836,R_ehcP8XpsoPL0af7,Liberal,Complex,Neutral,V1,S4,7,7,7,7,7,5,4,4,6,7,4,2,1,1,1,1,3,1,1,3,1,1,100,50,70,0,70,50,0,0,100,80,70,90,4,5,5,5,3,5,4,3,5,4,2,3,2,2,1,2,2,1,2,4,3,2,3,3,3,2,4,3,4,6,5,6,3,3,4,5,6,5,4,5,Female,31,Hispanic or Latinx,,Moderately liberal,Other:,Independent
866,R_yjxYYyhQgM1kSWd,Liberal,Complex,Anger,V3,S4,5,5,6,6,4,4,6,5,6,6,3,1,1,1,1,1,3,1,1,5,2,1,10,90,90,70,0,100,100,100,80,80,100,100,6,2,7,1,5,2,6,1,7,4,4,4,2,1,1,4,1,2,2,4,5,1,4,3,5,5,1,1,4,5,2,5,2,6,1,5,6,5,2,5,Male,30,Caucasian or White,,Extremely conservative,Republican Party,
373,R_QgLGQbDs18b8kXn,Liberal,Simple,Neutral,V2,S1,7,6,6,6,6,6,7,5,6,7,4,1,1,1,1,1,3,1,1,4,1,1,80,60,70,20,60,60,50,50,60,50,60,70,3,1,7,1,5,6,7,2,7,5,2,2,4,4,4,2,4,4,4,2,2,4,2,3,2,2,4,4,2,6,3,6,2,6,2,6,6,6,3,6,Female,35,Caucasian or White,,Moderate,No party,
874,R_1etOIxHhLlvbxA5,Liberal,Complex,Anger,V4,S4,6,5,5,4,5,5,4,2,6,5,2,3,3,2,1,3,1,3,2,2,1,2,70,70,20,50,50,40,50,20,90,50,30,20,1,4,3,5,4,7,3,5,5,6,4,2,2,3,2,4,2,1,2,3,3,3,2,1,4,3,2,3,3,5,4,4,3,4,5,4,6,5,4,3,Female,25,Caucasian or White,,Moderate,No party,
284,R_1inz55g2HiLvq2l,Liberal,Simple,Neutral,V1,S3,7,7,7,7,7,7,7,7,7,7,5,1,1,1,1,1,4,3,3,3,1,2,0,40,100,100,20,100,100,100,100,100,100,100,6,2,7,6,6,3,7,1,7,2,4,5,1,1,1,5,1,4,1,5,5,1,5,3,5,4,1,1,5,7,6,6,6,5,6,7,6,7,6,6,Female,28,Caucasian or White,,Moderate,Republican Party,
888,R_3m3JTtBfX8RU9vI,Conservative,Simple,Fear,V5,S5,7,7,6,6,6,6,6,6,6,6,4,1,1,1,1,1,3,1,1,3,2,1,100,50,70,70,70,0,50,50,70,60,80,100,4,1,6,2,6,6,6,2,6,2,4,4,2,2,2,4,3,3,3,2,4,2,3,3,3,4,2,2,4,5,5,5,4,5,5,5,6,5,5,6,Male,46,Asian American or Asian,,Moderate,No party,
883,R_exsemnFBE52B1ap,Conservative,Complex,Anger,V4,S8,6,6,1,1,1,1,1,1,1,1,3,1,1,1,4,5,1,1,1,5,1,1,20,90,10,0,80,30,30,10,70,30,20,0,7,3,5,1,5,2,6,1,6,1,4,4,1,1,1,5,1,1,1,4,4,1,5,3,5,3,5,1,1,6,3,5,2,5,2,3,6,4,1,1,Male,28,Caucasian or White,,Moderately liberal,No party,
617,R_1eRHIsYz65Rjh0J,Conservative,Simple,Anger,V4,S6,5,4,2,2,1,5,1,1,3,1,2,1,1,1,1,1,2,1,1,3,1,1,0,80,90,90,40,100,100,80,100,80,100,80,5,3,2,2,6,1,6,7,6,6,4,4,1,2,1,4,1,2,1,5,4,1,4,3,4,4,2,1,5,6,2,4,2,5,2,5,6,6,4,6,Male,54,Caucasian or White,,Moderate,Republican Party,
716,R_3GdpkL5Jhjacd6F,Conservative,Simple,Neutral,V1,S7,5,4,5,5,4,3,4,5,5,6,4,1,1,1,1,1,4,1,1,4,2,1,60,80,30,0,40,10,0,0,40,50,20,10,3,6,3,4,3,2,4,6,5,5,3,2,4,3,3,2,4,4,2,2,3,3,2,3,4,1,3,4,3,4,3,4,5,3,2,4,6,6,3,5,Male,26,Caucasian or White,,Moderately liberal,Democratic Party,
358,R_3KtRZ6gfTZ3WnRL,Liberal,Simple,Anger,V3,S1,7,7,6,6,5,5,5,6,7,6,5,1,1,1,1,1,4,1,1,4,4,5,20,30,20,30,20,70,20,20,40,40,20,30,7,1,7,1,7,6,6,1,7,1,5,4,2,3,3,5,5,4,4,5,4,4,4,3,3,3,3,3,4,4,7,5,5,4,4,4,6,4,5,5,Male,25,African American or Black,,Extremely liberal,Libertarian Party,
778,R_21uH0395oOTJTFc,Liberal,Simple,Fear,V5,S3,6,6,6,6,6,6,6,6,6,6,4,2,1,1,3,1,2,3,2,1,1,3,0,40,50,70,50,10,70,80,70,60,90,70,6,3,5,2,6,1,6,2,6,2,2,3,4,4,3,2,4,4,4,2,3,2,2,3,2,3,4,4,2,5,3,5,3,4,4,5,6,5,3,5,Male,31,Caucasian or White,,Moderately liberal,Democratic Party,
475,R_31ykZk2Tgg4jJbc,Conservative,Simple,Fear,V5,S6,7,7,1,1,1,1,1,1,1,1,2,3,2,1,2,2,3,2,2,1,2,2,90,60,10,0,100,0,0,0,100,80,90,100,1,2,4,2,6,7,5,2,6,4,5,1,2,1,1,5,1,2,2,5,4,1,5,3,5,5,4,2,5,6,3,5,1,5,4,6,6,5,3,5,Male,36,Caucasian or White,,Moderately liberal,Democratic Party,
132,R_3j3uu5JB6O4rCgH,Liberal,Simple,Anger,V4,S2,4,4,4,4,4,4,4,4,4,4,1,1,1,1,1,1,1,1,1,1,1,1,50,50,50,50,50,50,50,50,50,50,50,50,4,4,4,4,4,4,4,4,4,4,3,3,3,3,3,3,3,3,3,3,3,3,3,3,3,3,3,3,3,4,4,4,4,4,4,4,6,4,4,4,Male,20,Caucasian or White,,Moderate,No party,
678,R_25FvUwaYP0YEwff,Conservative,Simple,Fear,V6,S6,5,4,3,3,4,4,3,3,3,3,3,1,2,1,1,1,1,2,4,1,1,3,10,80,30,40,50,80,80,50,70,50,50,40,2,3,6,7,5,5,6,2,2,3,3,2,3,4,3,3,3,4,4,2,3,3,3,3,3,3,4,2,4,4,3,4,3,4,2,4,6,4,3,4,Male,32,Caucasian or White,,Moderate,No party,
596,R_3CC4QN0IWL5zYQ8,Liberal,Simple,Fear,V6,S1,7,6,7,7,5,2,4,4,7,7,2,1,1,1,3,1,2,1,5,1,2,1,50,80,50,0,70,0,40,0,90,20,50,50,2,1,7,3,6,7,7,1,4,3,4,1,3,5,4,1,3,5,4,4,3,1,1,3,5,2,5,4,1,6,7,6,7,3,7,4,6,4,7,5,Female,42,Hispanic or Latinx,,Moderate,Democratic Party,
349,R_1pA0cGlnrkxwYMO,Liberal,Complex,Neutral,V2,S4,5,4,6,5,4,4,6,4,6,5,3,1,1,1,1,1,2,1,1,3,2,1,60,40,40,70,20,20,80,70,50,40,80,60,3,2,5,4,2,6,6,2,4,4,2,2,3,4,3,2,3,4,4,3,2,3,2,3,2,2,4,4,2,6,4,5,3,5,4,6,6,6,4,5,Female,48,Caucasian or White,,Moderately liberal,Democratic Party,
310,R_e4LK1XWqHmcwmyd,Liberal,Simple,Anger,V3,S1,7,7,7,7,7,7,7,7,7,7,3,2,3,1,2,2,1,2,3,2,4,3,100,40,40,0,100,20,40,40,20,40,40,10,5,2,6,3,3,5,5,3,5,5,1,1,5,5,5,1,5,3,4,1,2,4,1,3,1,2,5,4,1,5,5,5,4,5,5,5,6,5,5,5,Male,29,Caucasian or White,,Extremely liberal,Democratic Party,
928,R_323br0h7XtxPZjB,Liberal,Simple,Neutral,V1,S1,7,7,7,7,7,7,7,7,7,7,5,2,2,2,2,2,1,2,2,1,2,2,10,40,50,50,60,30,80,70,80,50,80,70,6,2,6,2,6,2,6,2,6,2,2,2,2,3,3,4,3,2,3,4,3,2,2,3,4,2,2,3,2,7,7,7,7,7,7,7,6,7,6,7,Female,46,Caucasian or White,,Moderately liberal,Democratic Party,
997,R_CktAN36xvCkzxpD,Liberal,Simple,Anger,V3,S1,7,7,6,5,4,5,5,4,5,5,4,3,2,1,1,1,1,1,2,2,1,2,80,30,20,10,90,10,20,40,100,30,20,10,2,2,6,3,6,5,2,1,4,2,2,3,2,3,2,3,2,4,3,3,2,2,2,3,2,3,3,2,4,5,3,5,4,4,5,4,6,5,4,4,Male,33,Caucasian or White,,Moderately conservative,Green Party,
626,R_3NRnrqC28bjKizB,Liberal,Complex,Neutral,V2,S4,7,7,5,5,6,4,4,4,5,5,5,1,1,1,1,1,5,1,1,5,1,1,50,30,0,0,50,50,50,0,10,10,50,0,7,4,3,5,7,2,2,7,2,4,3,3,2,4,2,4,2,3,3,4,3,2,3,3,4,4,2,2,3,7,2,7,4,7,4,7,6,7,4,7,Female,35,Caucasian or White,,Extremely liberal,Democratic Party,
1032,R_1gwGikvUgbjybWl,Conservative,Simple,Anger,V4,S6,6,6,6,6,6,5,6,6,6,6,5,2,1,1,1,1,4,1,2,4,3,1,20,50,70,70,80,10,70,80,50,80,80,80,6,2,7,1,6,6,5,1,6,2,1,4,1,1,1,3,4,3,3,4,4,2,4,3,4,4,4,1,3,5,6,5,3,5,3,5,6,5,5,5,Female,54,Caucasian or White,,Moderate,Republican Party,
267,R_e4hQvXIYRKD7Wfv,Conservative,Simple,Neutral,V2,S7,6,4,2,2,4,3,2,2,2,2,4,1,1,1,1,2,2,1,1,1,3,2,90,30,60,50,80,0,50,50,70,60,60,60,6,1,6,1,2,2,6,1,6,2,4,4,1,1,1,3,1,3,2,4,4,1,4,3,4,4,1,1,3,6,1,5,1,6,1,6,6,6,2,6,Male,59,Caucasian or White,,Moderately liberal,Democratic Party,
824,R_1d1fw1IM7Y0W9RM,Conservative,Complex,Anger,V4,S8,7,5,4,4,4,5,4,4,5,4,3,1,1,2,1,1,1,1,1,3,1,1,0,90,90,50,20,70,90,80,90,100,100,100,4,3,4,7,4,5,4,4,2,2,3,3,3,3,2,2,4,3,3,3,3,3,2,3,3,2,3,4,3,4,5,4,5,4,4,4,6,3,4,5,Female,35,African American or Black,,Moderately conservative,No party,
443,R_1Hoa7Vkst1CBQ0f,Liberal,Complex,Fear,V6,S4,7,7,7,7,7,4,7,7,7,7,2,2,1,1,1,1,1,1,2,1,1,1,90,0,0,0,100,20,0,0,0,10,20,0,1,6,3,7,2,7,3,2,2,6,1,1,4,4,5,1,3,4,4,1,1,4,1,3,1,2,4,3,2,2,6,2,3,2,5,2,6,2,5,3,Male,37,Caucasian or White,,Extremely liberal,Democratic Party,
1094,R_3CPgqYQ8zlmF5Yo,Conservative,Complex,Anger,V4,S8,5,6,5,4,5,4,5,4,4,5,3,4,2,3,2,2,1,3,3,1,3,3,30,30,70,10,10,50,40,10,40,20,20,70,6,6,7,5,3,5,5,3,5,4,3,4,2,4,4,3,4,4,2,4,2,3,2,4,4,4,2,3,4,5,6,5,3,5,5,3,6,3,5,4,Male,44,Caucasian or White,,Moderate,No party,
282,R_1IfPmYioKRcpmyK,Conservative,Simple,Anger,V4,S7,7,4,1,1,1,1,1,1,1,1,1,2,1,1,2,2,1,2,1,1,2,2,100,0,50,0,100,0,0,0,0,30,0,30,1,3,5,4,5,7,6,7,5,2,5,5,1,1,1,5,1,1,1,5,5,1,5,3,5,5,1,1,5,6,6,6,2,6,6,6,6,6,6,6,Male,37,Asian American or Asian,,Extremely liberal,Democratic Party,
718,R_vpe4prHhrml943f,Conservative,Simple,Fear,V5,S7,6,6,6,6,6,6,5,6,6,6,4,1,1,1,1,1,4,1,1,4,1,1,50,50,50,80,80,50,80,80,80,50,80,50,5,2,5,2,5,6,6,2,6,2,4,4,2,3,2,4,2,3,4,4,4,2,4,3,4,4,3,3,4,5,3,5,3,5,3,5,6,5,3,5,Female,37,Hispanic or Latinx,,Moderate,No party,
1334,R_3gZQm51aFkMnFQt,Liberal,Simple,Fear,V5,S1,3,5,5,7,4,3,6,3,5,5,4,3,2,2,3,2,3,4,3,2,4,4,40,10,60,20,70,30,50,30,70,50,50,30,4,6,6,3,5,4,3,6,6,2,4,2,4,4,3,3,1,4,3,4,2,4,4,3,4,2,4,2,3,5,3,5,7,5,3,5,6,4,5,6,Male,28,Hispanic or Latinx,,Moderate,Republican Party,
837,R_21GkZeKNsezFnUe,Conservative,Simple,Fear,V6,S7,7,6,5,6,4,5,6,5,5,6,5,1,1,1,1,1,4,1,1,5,1,1,0,90,100,100,50,20,100,100,100,90,100,100,5,1,7,1,6,7,7,2,7,2,4,5,2,2,2,4,2,3,2,4,5,2,3,3,4,5,2,1,4,5,3,5,2,5,2,5,6,5,2,5,Female,61,Caucasian or White,,Extremely conservative,Republican Party,
648,R_29ad29zQRq9BsbE,Liberal,Simple,Fear,V5,S3,6,7,7,7,7,7,7,6,7,7,1,2,1,1,2,3,1,1,2,3,1,2,100,50,20,30,80,40,50,10,80,40,50,0,2,5,5,5,2,7,2,3,5,5,2,2,4,4,4,2,3,3,4,3,2,2,1,3,1,2,3,2,2,4,7,4,5,2,1,4,6,4,5,4,Female,23,African American or Black,,Extremely liberal,Democratic Party,
359,R_26mtvdHkI9tTP1k,Liberal,Simple,Anger,V3,S1,7,3,2,2,1,2,2,2,3,3,4,1,1,2,2,1,4,2,1,3,1,2,60,70,90,10,20,10,60,50,90,60,80,50,6,2,7,1,5,2,6,1,7,2,2,4,1,2,1,4,1,2,2,4,5,1,2,3,5,4,2,1,2,5,2,6,1,5,2,5,6,5,3,6,Male,35,Caucasian or White,,Moderately liberal,Democratic Party,
600,R_2xFWubS5TBbTg6J,Conservative,Simple,Fear,V6,S5,6,5,4,4,3,4,2,1,4,4,1,5,5,2,1,2,3,2,5,1,3,2,50,100,20,80,30,50,20,30,70,70,20,40,1,4,3,6,5,7,7,5,2,1,4,3,1,2,2,5,3,2,3,4,3,2,3,3,4,4,3,3,5,4,1,3,3,2,1,3,6,6,5,4,Female,31,Caucasian or White,,Moderately liberal,Libertarian Party,
316,R_31FuvNP60WTZkfm,Conservative,Simple,Neutral,V1,S5,7,7,6,5,5,6,6,4,6,6,2,1,1,1,1,1,1,1,1,3,1,1,90,40,50,10,30,30,30,10,70,50,40,20,2,1,4,4,5,6,5,3,7,1,4,3,2,2,1,4,3,3,3,5,4,2,3,3,4,3,2,1,4,5,7,5,5,4,6,5,6,4,6,5,Male,28,Caucasian or White,,Moderate,No party,
334,R_10oWo0YtlNr8eYZ,Liberal,Simple,Anger,V3,S3,7,7,2,2,5,3,4,2,1,1,3,2,1,2,1,2,2,1,3,3,2,2,0,20,90,20,10,10,100,100,100,80,100,80,2,3,6,2,6,5,7,2,5,3,1,1,5,5,5,2,5,3,4,2,4,4,1,3,2,1,5,4,2,7,4,7,3,5,5,7,6,7,4,7,Female,29,Caucasian or White,,Moderate,Republican Party,
360,R_XoGP19rbZHOAATv,Liberal,Simple,Neutral,V1,S1,7,7,7,7,7,7,7,7,7,7,4,1,1,2,3,3,2,4,4,2,5,3,50,40,70,30,70,30,50,50,60,10,50,70,1,1,4,4,5,6,4,3,4,3,3,3,2,4,4,4,2,3,3,4,4,2,3,3,4,3,3,3,4,5,6,4,5,5,6,4,6,6,4,7,Male,52,Caucasian or White,,Moderately liberal,Democratic Party,
102,R_3RekvYY377tY86p,Conservative,Simple,Neutral,V1,S5,3,4,6,7,4,3,4,5,5,4,4,2,3,4,3,2,4,3,2,4,3,2,80,40,20,70,40,20,70,50,80,70,50,30,5,5,5,6,6,5,5,5,5,5,4,4,5,4,3,3,3,3,3,2,4,3,2,3,3,3,3,3,3,5,5,5,5,5,3,3,6,5,3,4,Male,26,Caucasian or White,,Moderately conservative,Democratic Party,
379,R_tDSymSQ8cAm6MZH,Liberal,Simple,Neutral,V2,S2,7,5,1,1,1,4,1,1,1,1,4,1,1,1,1,1,3,1,1,5,1,1,10,100,70,70,40,100,80,80,100,100,100,100,3,6,7,3,7,6,6,2,7,1,5,5,1,1,1,5,1,3,3,5,5,1,5,3,5,5,2,2,5,6,6,6,2,2,5,6,6,6,3,5,Female,30,Caucasian or White,,Moderate,Libertarian Party,
314,R_3gLyo9XL54ZJMfJ,Liberal,Simple,Neutral,V2,S2,6,6,6,5,6,6,5,3,5,5,3,2,1,1,1,1,1,1,1,2,1,1,80,80,20,10,40,50,20,10,50,50,10,10,1,5,2,6,2,7,6,5,3,6,3,1,4,4,5,1,4,1,4,1,1,5,1,3,1,1,4,5,4,3,5,3,5,3,6,3,6,3,2,2,Female,23,Caucasian or White,,Extremely liberal,Democratic Party,
409,R_3fsmjzCX0wrcyt3,Conservative,Simple,Neutral,V1,S5,6,6,5,5,3,5,5,2,6,5,4,1,1,1,2,2,4,1,1,4,1,1,80,100,90,80,70,40,60,70,100,100,80,100,6,1,7,1,6,3,6,1,7,3,4,4,2,1,1,4,1,2,1,4,5,1,4,3,4,5,5,1,4,5,3,4,3,5,3,5,6,6,3,5,Female,53,Caucasian or White,,Moderate,Republican Party,
412,R_3kKT1DJOlnsgSa8,Liberal,Simple,Fear,V6,S3,5,4,5,5,5,4,5,4,5,5,1,3,2,1,1,2,2,2,4,2,1,2,90,90,10,0,10,40,80,80,90,70,70,90,2,2,3,3,3,3,3,4,3,3,3,3,4,3,2,2,3,3,2,2,3,2,3,3,3,2,2,3,4,3,3,4,4,4,3,3,6,5,4,3,Male,33,Caucasian or White,,Extremely liberal,No party,
426,R_1hYEPUbYpyuOTiH,Liberal,Complex,Neutral,V1,S4,6,5,5,5,3,3,3,3,5,4,4,1,1,1,1,1,3,1,1,5,3,1,60,80,40,80,20,90,90,90,90,90,90,90,5,1,6,1,5,7,7,1,7,3,4,4,2,2,4,4,2,2,2,4,4,2,3,3,4,4,4,2,2,5,5,5,3,5,5,5,6,5,6,5,Female,49,Caucasian or White,,Moderate,Republican Party,
285,R_3DdbUEowBMEqCI7,Liberal,Simple,Neutral,V1,S1,6,6,5,5,6,6,6,4,5,5,2,1,1,1,1,1,1,1,1,2,1,1,100,30,40,20,80,50,50,50,30,40,60,60,1,5,5,4,4,7,5,2,5,2,3,3,2,2,2,3,2,3,3,4,4,3,3,3,3,4,2,2,4,1,7,5,7,5,7,1,6,5,4,4,Male,38,Caucasian or White,,Moderate,Green Party,
1233,R_1eCUdR9a9OJULK5,Conservative,Simple,Fear,V5,S6,7,6,4,4,4,4,4,3,3,4,4,5,5,5,5,5,1,5,5,2,1,5,100,50,50,50,50,0,60,60,50,30,70,0,1,1,6,6,7,7,7,2,6,2,5,5,1,1,1,5,1,2,1,5,5,1,3,3,5,5,1,1,5,6,7,6,7,5,7,4,6,5,7,4,Female,24,Asian American or Asian,,Moderately liberal,Democratic Party,
541,R_3fxvSwG9Rq3CoKi,Liberal,Complex,Anger,V3,S4,1,1,1,1,1,2,1,1,7,1,1,1,1,1,1,1,1,1,1,5,1,1,50,50,50,0,0,50,50,50,50,50,50,50,1,7,7,3,7,7,1,1,4,4,5,5,1,1,1,5,1,3,1,5,1,1,5,3,2,5,1,1,5,1,7,1,7,1,7,1,6,1,7,1,Female,26,African American or Black,,Moderate,Democratic Party,
693,R_10YrXH2Z3hGE62z,Liberal,Complex,Anger,V4,S4,6,5,5,5,6,4,6,5,7,7,4,1,1,1,1,1,4,1,2,5,3,1,40,20,70,30,80,40,60,60,80,60,90,80,5,2,5,5,6,5,7,2,6,2,3,4,1,3,1,5,2,4,4,4,5,2,5,3,1,4,4,2,5,5,4,6,6,5,6,6,6,7,4,5,Male,35,Caucasian or White,,Moderately liberal,Democratic Party,
569,R_3iNYMZHUvO2P53L,Liberal,Complex,Neutral,V2,S4,7,6,6,6,5,5,6,6,7,6,4,1,1,2,1,1,4,1,1,4,4,1,10,80,70,50,50,50,100,90,90,100,100,90,5,1,7,2,5,4,7,1,5,5,2,2,4,4,4,2,4,3,4,3,2,3,3,3,2,2,4,4,3,5,5,4,5,5,4,5,6,5,6,5,Male,28,Caucasian or White,,Moderately conservative,Republican Party,
575,R_2YJxnJ1ozFJFuBk,Conservative,Simple,Fear,V6,S7,6,7,4,4,5,5,4,4,5,4,3,2,2,2,2,1,2,2,3,2,2,2,100,100,10,0,70,0,0,0,90,70,50,0,3,4,5,6,5,5,6,3,4,3,2,2,2,3,4,4,2,4,4,4,2,2,4,3,4,3,4,4,5,6,5,6,5,6,5,5,6,6,6,6,Female,41,Caucasian or White,,Extremely liberal,Democratic Party,
535,R_WkcId2lfG9ps4Eh,Conservative,Simple,Fear,V5,S5,7,1,1,1,1,5,1,1,1,1,4,4,1,1,1,2,1,1,4,2,2,1,90,0,0,10,100,0,0,0,30,30,10,100,6,2,6,6,7,5,7,2,5,1,4,4,1,1,1,4,1,3,1,5,5,1,2,3,4,4,1,1,4,7,5,7,1,7,1,7,6,7,3,7,Female,27,Caucasian or White,,Extremely liberal,Democratic Party,
610,R_1f71zisgVl3XiaE,Liberal,Simple,Fear,V5,S2,6,7,5,6,6,6,7,5,7,7,5,1,1,3,1,1,1,4,1,4,1,1,60,30,20,0,70,80,50,50,60,40,50,30,1,6,1,5,2,7,1,2,1,1,1,2,1,1,1,5,1,2,1,5,4,1,4,3,5,4,2,1,5,5,7,5,1,3,7,3,6,5,7,4,Male,29,Caucasian or White,,Moderately liberal,Democratic Party,
597,R_20SxvuA4zdfCas4,Liberal,Simple,Neutral,V2,S1,7,6,6,6,6,5,6,3,7,7,4,1,1,1,1,1,2,1,1,3,1,1,50,60,80,100,90,100,50,70,100,20,100,100,2,2,2,5,5,4,7,7,3,7,2,1,5,5,5,1,4,3,4,1,1,5,4,3,1,1,5,5,1,2,1,2,1,2,1,2,6,2,1,2,Female,51,Caucasian or White,,Moderate,Republican Party,
578,R_sUtIjLH82x146Fb,Liberal,Simple,Neutral,V2,S3,6,7,7,6,6,6,5,5,7,6,5,1,1,1,2,2,4,2,1,3,1,2,0,90,70,90,40,90,80,70,80,70,80,80,7,1,7,1,1,7,7,1,7,1,5,5,1,1,1,5,1,1,1,5,5,1,5,3,5,5,1,4,4,6,5,6,2,7,2,7,6,7,1,6,Male,34,Caucasian or White,,Extremely liberal,Democratic Party,
282,R_3kCJl7XwyuW75h7,Conservative,Simple,Neutral,V2,S7,6,5,4,5,5,5,5,2,6,5,4,1,1,1,2,1,3,2,1,4,1,2,0,60,80,90,20,60,100,100,90,80,90,80,6,2,6,2,6,2,6,2,6,3,4,4,2,2,1,3,2,2,1,4,4,1,4,3,4,4,2,2,5,5,3,5,2,4,3,5,6,5,3,5,Female,41,Caucasian or White,,Moderately conservative,Republican Party,
555,R_2fJpsgHdZEBuKXK,Liberal,Simple,Fear,V6,S2,7,7,7,7,7,5,7,2,7,7,4,1,1,1,1,1,3,1,1,4,1,1,50,20,40,20,90,40,0,0,70,50,50,40,6,3,5,1,7,2,6,2,7,2,4,5,1,2,1,4,1,2,3,5,5,1,3,3,4,5,2,1,5,2,6,5,1,6,6,3,6,3,4,5,Male,39,Caucasian or White,,Extremely liberal,Democratic Party,
627,R_215SOcQbK8IJxPG,Conservative,Simple,Anger,V4,S7,6,7,6,5,5,5,4,4,4,6,3,2,1,1,2,2,3,2,1,2,2,1,100,80,70,80,90,20,20,20,100,10,60,0,1,1,6,4,7,6,7,1,4,3,1,5,1,1,1,5,1,1,1,5,5,1,5,3,5,5,1,1,5,4,3,5,4,3,4,5,6,3,5,4,Male,24,Caucasian or White,,Moderately liberal,Democratic Party,
619,R_1lmBEZpVqFA0bZk,Conservative,Simple,Neutral,V1,S7,6,5,2,2,2,2,4,4,4,2,4,1,1,1,1,1,5,1,1,5,1,1,10,10,80,100,30,100,100,100,90,90,100,100,7,1,7,1,6,6,7,1,7,3,4,4,2,1,1,4,1,4,1,4,4,1,4,3,4,4,4,1,4,7,5,7,2,7,2,7,6,7,2,7,Female,63,Caucasian or White,,Moderately conservative,Republican Party,
749,R_aaYh2plLvQDXjEd,Conservative,Complex,Anger,V3,S8,7,6,6,6,7,7,5,4,6,6,4,2,1,1,1,2,1,2,1,3,1,2,0,90,100,100,50,100,100,100,100,90,100,100,3,1,7,1,6,5,7,1,7,3,2,1,4,4,2,1,1,4,5,3,2,2,1,3,4,2,4,4,5,6,2,6,2,7,1,5,6,5,3,5,Male,35,Caucasian or White,,Moderately conservative,Other:,Independent but leans Republican
518,R_e4kDypauESTuhm9,Conservative,Simple,Fear,V5,S7,6,6,5,5,5,5,5,4,5,5,3,2,2,2,2,2,1,2,3,2,4,2,10,80,50,40,30,40,30,30,70,20,50,20,3,2,6,2,5,6,5,2,6,2,2,4,2,2,2,4,2,3,2,4,4,1,5,3,4,4,2,2,4,6,3,5,2,5,3,6,6,5,5,5,Female,33,Caucasian or White,,Moderately liberal,Democratic Party,
777,R_1DOsJXwEuzVKNFY,Liberal,Simple,Anger,V4,S3,6,6,6,6,6,2,6,6,6,6,4,3,1,2,2,2,1,2,2,1,3,2,90,70,90,50,90,0,70,60,90,60,90,90,5,1,7,1,5,2,7,1,7,1,3,4,2,1,2,4,1,4,2,4,5,2,3,3,3,4,1,1,4,5,5,6,2,5,4,5,6,5,5,5,Female,67,Caucasian or White,,Moderately liberal,Democratic Party,
817,R_2CkVK8VMK5hSYk5,Conservative,Complex,Anger,V4,S8,6,7,6,6,6,3,6,3,7,7,4,2,1,1,1,2,2,1,1,3,1,1,50,100,80,50,20,90,100,100,100,100,100,100,7,2,6,1,7,1,6,2,7,2,5,5,1,2,2,3,2,2,1,5,5,1,4,3,4,5,1,2,2,6,3,6,1,6,2,6,6,6,3,6,Male,62,Caucasian or White,,Moderate,No party,
587,R_3rUN4EHmpxe1H6D,Liberal,Complex,Fear,V5,S4,7,7,7,7,7,7,7,6,7,7,5,1,1,2,1,1,3,1,3,3,1,1,30,20,30,100,80,0,70,50,50,60,80,50,6,1,6,1,6,1,6,1,5,1,4,4,1,1,1,4,1,1,1,4,5,1,4,3,5,5,1,1,3,6,2,6,1,6,3,6,6,6,2,7,Male,33,Caucasian or White,,Extremely liberal,Democratic Party,
702,R_pMNKdZ1Ixp39Fjr,Liberal,Simple,Anger,V4,S3,7,6,4,5,6,5,5,3,7,6,1,2,1,1,1,2,1,3,2,1,1,2,100,50,40,10,100,0,50,30,80,40,50,40,1,2,6,6,7,7,7,6,5,4,3,2,3,3,2,3,4,3,4,4,4,2,2,3,4,3,2,1,5,5,2,6,1,5,2,5,6,5,2,6,Female,31,Caucasian or White,,Extremely liberal,Democratic Party,
658,R_1Fh6TX0z8zxttoD,Conservative,Simple,Neutral,V1,S7,6,3,3,3,4,4,3,3,3,3,3,3,2,3,1,2,1,3,2,2,3,2,20,90,90,90,40,90,100,90,90,80,80,90,3,2,5,3,6,5,6,3,5,3,2,3,3,3,2,1,3,2,4,4,3,3,2,3,3,3,2,2,3,5,6,4,4,4,3,5,6,4,5,5,Female,47,Caucasian or White,,Moderately conservative,Republican Party,
865,R_3gU88QeszOa8f5e,Conservative,Simple,Anger,V3,S6,7,7,7,7,6,6,4,4,4,6,5,2,1,1,1,1,4,1,1,5,1,1,10,30,80,100,90,90,90,90,70,100,100,100,4,1,7,1,5,5,5,5,5,5,5,1,5,5,5,4,4,4,4,5,5,5,5,3,4,4,5,3,3,7,7,7,6,6,5,3,6,6,2,5,Male,44,Caucasian or White,,Moderately conservative,Republican Party,
506,R_1N4f2MAqzPCcQlq,Liberal,Simple,Neutral,V2,S1,6,4,4,3,3,3,3,2,4,4,4,1,1,1,1,1,4,1,1,5,1,1,10,70,90,70,40,90,80,90,80,90,90,90,5,1,6,1,6,4,5,1,6,2,4,4,2,2,2,3,2,2,2,4,4,2,2,3,4,4,2,2,4,5,4,5,3,4,3,5,6,5,3,5,Female,47,Caucasian or White,,Moderately conservative,Republican Party,
899,R_3JwwvK6qgDuuI3w,Liberal,Simple,Fear,V6,S2,6,6,6,6,6,6,6,6,7,6,4,1,1,1,1,1,3,1,1,4,1,1,0,30,100,100,80,50,100,90,100,100,100,10,6,3,6,2,5,3,6,3,6,4,3,3,4,3,3,3,2,4,4,3,4,3,2,3,3,3,2,4,3,6,3,6,2,6,3,6,6,6,3,6,Female,49,African American or Black,,Moderate,Democratic Party,
906,R_2TKLlAH8JRUwocp,Liberal,Simple,Fear,V6,S1,6,7,7,7,7,7,6,4,7,7,3,2,3,2,1,3,1,1,2,1,1,1,0,50,70,90,70,30,100,60,50,80,100,100,6,1,5,5,6,6,7,2,5,1,1,2,4,3,5,1,2,4,5,2,3,2,2,3,2,2,5,2,1,7,3,6,1,7,1,7,6,6,3,7,Female,29,Hispanic or Latinx,,Moderately liberal,Democratic Party,
1096,R_z8Mn9FrIXTJSTmN,Conservative,Complex,Fear,V6,S8,5,3,5,5,5,5,5,5,5,5,5,1,1,1,1,1,5,1,1,5,1,1,10,70,100,0,10,10,90,90,90,100,100,100,7,1,7,1,5,5,5,1,7,2,5,5,1,1,1,5,1,1,1,5,5,1,5,3,5,5,4,1,1,7,6,7,2,7,5,7,6,7,6,7,Male,42,Caucasian or White,,Moderately liberal,No party,
322,R_pnPS4mZ66r3ZPG1,Liberal,Simple,Neutral,V1,S3,7,7,7,7,7,7,7,7,7,7,5,1,1,1,1,1,5,1,1,4,1,1,80,50,50,50,100,0,20,10,100,90,50,40,5,1,7,1,7,1,7,1,7,1,5,5,1,1,1,5,1,3,3,5,5,1,4,3,5,5,2,1,5,7,1,7,2,7,1,7,6,1,1,7,Male,30,Asian American or Asian,,Moderately liberal,Democratic Party,
1136,R_22V2BmBOmW5jXNq,Liberal,Simple,Fear,V6,S3,7,7,6,5,7,7,5,4,7,7,5,3,2,1,5,5,2,4,2,2,1,4,50,100,60,0,50,100,100,100,50,60,100,50,5,4,6,5,3,3,6,1,3,4,3,4,2,2,2,3,2,4,4,3,2,2,3,3,2,2,4,1,4,7,1,7,1,6,1,7,6,6,1,7,Female,44,Caucasian or White,,Moderately conservative,Other:,Independent
955,R_2tDzlLSxGcbuKCr,Conservative,Simple,Anger,V4,S5,7,7,2,2,2,2,2,2,2,2,4,2,2,1,1,2,3,2,2,2,2,2,100,0,0,70,100,0,10,10,10,20,60,10,3,1,5,7,7,7,7,2,6,1,1,4,1,5,1,5,1,3,2,4,4,1,5,3,2,4,4,2,5,5,3,5,3,5,3,5,6,5,3,5,Female,31,Other:,mixed,Extremely liberal,Democratic Party,
315,R_1BRb2q7PLCo4g06,Conservative,Simple,Neutral,V1,S6,7,4,2,2,2,1,3,2,2,2,4,1,1,1,1,1,3,1,1,4,1,1,30,80,80,50,60,70,100,100,100,50,100,60,5,1,6,1,3,3,6,2,6,6,1,1,5,5,5,1,5,5,5,1,1,5,1,3,1,1,5,5,1,5,3,5,2,5,3,5,6,5,3,5,Female,64,Caucasian or White,,Moderately conservative,Republican Party,
300,R_2yjD67wStbYhZvZ,Liberal,Simple,Anger,V3,S1,6,6,6,6,6,6,6,6,6,6,3,1,1,1,1,1,1,2,1,3,1,2,50,50,50,100,100,10,50,50,10,30,100,60,2,1,6,2,7,6,7,2,6,1,4,4,2,2,4,4,2,2,2,4,4,2,4,3,4,4,2,2,4,6,6,6,2,6,5,6,6,6,6,6,Female,31,Hispanic or Latinx,,Moderately liberal,Democratic Party,
401,R_1FG0tZQVVu7gnir,Conservative,Simple,Neutral,V1,S7,6,6,4,4,3,3,3,2,3,4,4,2,2,2,1,1,3,2,2,4,3,1,0,100,100,10,10,100,0,30,100,100,30,100,5,6,6,5,6,5,4,3,5,3,4,4,2,2,1,2,3,4,4,5,5,1,4,3,4,4,3,4,5,6,5,6,3,5,5,6,6,6,5,5,Male,24,Caucasian or White,,Extremely conservative,Republican Party,
483,R_2Bfh76PRbtdqk30,Liberal,Simple,Neutral,V1,S1,6,7,7,7,7,5,6,6,7,7,4,1,1,1,1,1,2,1,1,3,1,1,50,60,0,0,90,0,20,20,60,0,20,10,6,5,7,1,7,2,6,1,7,1,5,5,1,2,4,5,1,3,1,5,5,1,5,3,5,5,4,1,4,5,7,4,2,6,7,7,6,5,6,5,Male,43,Caucasian or White,,Extremely liberal,Democratic Party,
296,R_1r8haBK1ZXHs72A,Conservative,Simple,Neutral,V2,S6,6,6,1,1,1,2,1,1,1,1,3,1,1,1,1,1,2,1,1,3,1,1,70,50,50,10,40,50,50,50,60,70,60,30,3,5,6,2,5,6,4,3,6,3,4,4,2,2,2,3,2,3,2,4,4,2,4,3,4,3,2,2,4,3,6,3,3,5,6,3,6,3,6,3,Female,23,Hispanic or Latinx,,Moderately liberal,Democratic Party,
552,R_yrmzvXC92mkpplL,Liberal,Simple,Neutral,V2,S2,6,5,4,5,4,7,5,4,6,6,4,1,1,1,1,1,3,1,2,2,1,1,50,80,50,50,80,70,50,50,100,70,100,100,4,3,5,2,5,4,5,2,4,2,4,4,2,1,2,4,2,4,1,3,4,1,4,3,4,3,2,1,4,5,4,5,3,5,4,5,6,5,4,5,Male,51,Caucasian or White,,Moderate,Other:,
603,R_VO4VtFFjLYg5GBH,Conservative,Simple,Anger,V4,S5,2,2,1,1,1,1,1,1,1,1,1,1,1,1,1,1,1,1,1,4,1,1,60,100,40,0,50,100,100,70,100,70,60,50,1,1,2,2,4,6,2,2,6,6,5,5,1,1,1,3,1,3,3,5,5,3,4,3,5,5,1,2,1,2,6,1,5,4,6,1,6,1,6,2,Female,58,Caucasian or White,,Moderately conservative,Libertarian Party,
879,R_3gMF9iFeupuobDF,Liberal,Simple,Anger,V4,S2,7,5,5,5,2,3,3,2,7,5,4,1,1,1,1,1,2,1,1,4,2,1,20,100,20,80,40,70,50,50,100,90,100,90,7,1,7,1,7,1,7,1,7,1,4,4,1,2,1,1,3,4,2,5,5,1,4,3,4,4,3,1,2,6,5,6,2,6,3,6,6,6,2,6,Male,57,Caucasian or White,,Moderately conservative,Other:,indepentant
615,R_2t520ZjnLYrxL3n,Liberal,Complex,Anger,V3,S4,7,7,7,6,3,6,6,6,7,7,4,3,1,4,3,4,1,4,4,2,2,4,50,50,10,0,70,0,50,40,60,50,90,10,1,1,5,6,1,5,7,1,2,6,3,4,1,2,2,4,2,3,4,4,3,2,2,3,4,3,1,1,4,4,2,2,2,2,2,2,6,2,2,2,Female,49,Caucasian or White,,Extremely liberal,Democratic Party,
505,R_20UJR7dqtycqAGU,Conservative,Complex,Fear,V5,S8,6,5,6,5,6,6,5,5,6,5,4,2,3,2,3,2,3,2,4,2,3,3,50,40,50,60,40,70,70,70,70,70,70,70,6,2,4,3,5,5,5,2,5,2,4,4,1,1,2,4,2,2,2,2,2,2,3,3,2,4,2,2,4,5,6,4,5,3,4,5,6,5,5,4,Male,38,Hispanic or Latinx,,Moderately conservative,Republican Party,
955,R_2VD9l2FssTnIDva,Conservative,Simple,Neutral,V1,S7,5,4,2,2,2,2,2,2,2,2,3,2,1,1,1,1,2,1,1,4,1,2,80,50,40,10,10,70,20,20,80,80,0,0,2,2,6,2,5,5,3,2,3,5,2,3,2,2,4,2,2,3,3,2,4,4,3,3,2,2,2,4,4,5,5,6,4,5,5,3,6,4,3,3,Male,32,Caucasian or White,,Moderately liberal,No party,
229,R_28Clg91sbC3gAWR,Liberal,Complex,Neutral,V1,S4,7,7,7,7,7,7,7,7,7,7,5,1,1,1,1,1,5,1,1,5,1,1,100,50,50,100,100,100,0,0,50,50,100,100,7,1,7,1,7,1,7,1,7,1,5,5,1,1,1,5,1,1,1,5,5,1,5,3,5,5,1,1,5,7,1,7,7,7,1,7,6,7,1,7,Male,27,Asian American or Asian,,Extremely liberal,Democratic Party,
340,R_1dN5z1iYzd3vUJx,Conservative,Complex,Anger,V3,S8,7,7,2,2,4,4,2,2,2,2,2,2,1,2,2,2,1,2,2,3,2,2,10,50,50,50,100,0,0,0,50,50,50,50,7,1,5,3,7,1,7,2,6,1,1,1,4,5,5,1,4,5,4,3,3,4,1,3,3,1,5,5,1,6,2,6,2,6,2,6,6,6,2,6,Female,34,Caucasian or White,,Extremely liberal,Democratic Party,
195,R_3hxvzuKZK4qBAp4,Conservative,Simple,Neutral,V2,S7,6,6,5,5,5,4,5,5,6,6,3,1,1,1,1,1,1,1,1,5,1,1,90,0,30,30,80,0,0,0,0,10,40,0,1,1,4,1,1,7,6,2,7,7,4,3,3,3,2,4,2,3,3,3,3,2,3,3,3,2,3,3,4,4,5,4,4,4,5,5,6,4,4,4,Male,34,African American or Black,,Moderately liberal,Democratic Party,
423,R_3KItD1t4vWbcHJD,Conservative,Simple,Fear,V6,S5,2,1,2,6,7,5,3,7,2,5,5,1,1,1,1,1,4,1,2,4,1,1,60,30,100,70,100,20,40,80,20,50,30,80,1,5,6,1,6,6,7,7,6,1,5,5,1,4,4,3,5,2,4,1,5,5,3,3,2,3,2,3,2,6,5,7,6,1,1,3,6,5,5,6,Female,25,Caucasian or White,,Moderately liberal,Democratic Party,
159,R_OpvProNxeH5N9V7,Conservative,Simple,Fear,V5,S6,6,5,4,5,5,4,5,4,5,4,4,1,1,1,1,1,2,1,1,3,1,1,30,40,50,50,60,40,50,50,50,60,60,50,6,6,5,6,4,6,4,3,6,3,5,4,3,4,4,4,4,3,4,3,5,4,3,3,4,4,4,4,3,6,5,5,5,4,4,4,6,6,5,4,Female,25,African American or Black,,Moderate,Democratic Party,
144896,R_2ASiZVjL5PFktYc,Conservative,Simple,Anger,V4,S7,5,6,4,6,5,6,5,5,4,6,3,3,1,1,1,1,2,1,1,3,2,2,0,50,50,70,100,50,50,50,50,50,100,50,5,3,3,4,3,5,3,5,5,6,3,4,4,2,2,3,3,4,2,3,2,3,3,3,1,4,2,2,3,5,5,7,4,5,5,5,6,6,5,5,Female,23,Caucasian or White,,Moderate,Democratic Party,
